ride_date,day_of_week,hour_of_day,latitude,longitude,base,month,temp_avg,humidity_avg,precipitation,events
2014-04-01,Tuesday,23,40.7649,-73.9725,B02512,April,8,56,0,
2014-04-01,Tuesday,23,40.7617,-73.9788,B02512,April,8,56,0,
2014-04-01,Tuesday,23,40.7553,-73.9913,B02512,April,8,56,0,
2014-04-01,Tuesday,23,40.7386,-73.9883,B02512,April,8,56,0,
2014-04-01,Tuesday,23,40.7238,-73.9853,B02512,April,8,56,0,
2014-04-01,Tuesday,23,40.7637,-73.9734,B02512,April,8,56,0,
2014-04-01,Tuesday,23,40.7412,-73.9883,B02512,April,8,56,0,
2014-04-01,Tuesday,23,40.727,-74.0057,B02512,April,8,56,0,
2014-04-01,Tuesday,23,40.7231,-73.9987,B02512,April,8,56,0,
2014-04-01,Tuesday,23,40.7661,-73.9693,B02512,April,8,56,0,
2014-04-01,Tuesday,23,40.761,-73.9768,B02512,April,8,56,0,
2014-04-02,Wednesday,0,40.7458,-73.9843,B02512,April,6,81,0.76,Rain
2014-04-02,Wednesday,0,40.7285,-74.0467,B02512,April,6,81,0.76,Rain
2014-04-02,Wednesday,0,40.7732,-73.9546,B02512,April,6,81,0.76,Rain
2014-04-02,Wednesday,0,40.655,-73.9786,B02512,April,6,81,0.76,Rain
2014-04-02,Wednesday,0,40.7405,-74.004,B02512,April,6,81,0.76,Rain
2014-04-02,Wednesday,0,40.7519,-73.986,B02512,April,6,81,0.76,Rain
2014-04-02,Wednesday,0,40.7606,-73.9757,B02512,April,6,81,0.76,Rain
2014-04-02,Wednesday,0,40.7605,-73.9725,B02512,April,6,81,0.76,Rain
2014-04-02,Wednesday,0,40.7312,-74.0097,B02512,April,6,81,0.76,Rain
2014-04-02,Wednesday,1,40.7218,-73.958,B02512,April,6,81,0.76,Rain
2014-04-02,Wednesday,1,40.7332,-73.9935,B02512,April,6,81,0.76,Rain
2014-04-02,Wednesday,1,40.7208,-73.9841,B02512,April,6,81,0.76,Rain
2014-04-02,Wednesday,1,40.7593,-73.9722,B02512,April,6,81,0.76,Rain
2014-04-02,Wednesday,2,40.7768,-73.9536,B02512,April,6,81,0.76,Rain
2014-04-02,Wednesday,2,40.7473,-73.9768,B02512,April,6,81,0.76,Rain
2014-04-02,Wednesday,2,40.7383,-73.9839,B02512,April,6,81,0.76,Rain
2014-04-02,Wednesday,3,40.7339,-73.9949,B02512,April,6,81,0.76,Rain
2014-04-02,Wednesday,3,40.7402,-74.0059,B02512,April,6,81,0.76,Rain
2014-04-02,Wednesday,3,40.7731,-73.9584,B02512,April,6,81,0.76,Rain
2014-04-02,Wednesday,3,40.6461,-73.7769,B02512,April,6,81,0.76,Rain
2014-04-02,Wednesday,3,40.7475,-73.9565,B02512,April,6,81,0.76,Rain
2014-04-02,Wednesday,4,40.7471,-74.0023,B02512,April,6,81,0.76,Rain
2014-04-02,Wednesday,4,40.7816,-73.956,B02512,April,6,81,0.76,Rain
2014-04-02,Wednesday,4,40.7788,-73.9481,B02512,April,6,81,0.76,Rain
2014-04-02,Wednesday,4,40.6948,-74.1779,B02512,April,6,81,0.76,Rain
2014-04-02,Wednesday,4,40.7583,-73.9665,B02512,April,6,81,0.76,Rain
2014-04-02,Wednesday,4,40.7258,-73.9877,B02512,April,6,81,0.76,Rain
2014-04-02,Wednesday,4,40.7655,-73.9932,B02512,April,6,81,0.76,Rain
2014-04-02,Wednesday,4,40.7863,-73.956,B02512,April,6,81,0.76,Rain
2014-04-02,Wednesday,4,40.729,-74.0328,B02512,April,6,81,0.76,Rain
2014-04-02,Wednesday,4,40.7445,-73.9838,B02512,April,6,81,0.76,Rain
2014-04-02,Wednesday,5,40.7349,-73.9891,B02512,April,6,81,0.76,Rain
2014-04-02,Wednesday,5,40.7657,-73.9629,B02512,April,6,81,0.76,Rain
2014-04-02,Wednesday,5,40.645,-73.7818,B02512,April,6,81,0.76,Rain
2014-04-02,Wednesday,5,40.8092,-73.9539,B02512,April,6,81,0.76,Rain
2014-04-02,Wednesday,5,40.7337,-74.0016,B02512,April,6,81,0.76,Rain
2014-04-02,Wednesday,5,40.6725,-73.9578,B02512,April,6,81,0.76,Rain
2014-04-02,Wednesday,5,40.749,-73.9838,B02512,April,6,81,0.76,Rain
2014-04-02,Wednesday,5,40.749,-73.9838,B02512,April,6,81,0.76,Rain
2014-04-02,Wednesday,5,40.7269,-74.0032,B02512,April,6,81,0.76,Rain
2014-04-02,Wednesday,5,40.7929,-73.9752,B02512,April,6,81,0.76,Rain
2014-04-02,Wednesday,5,40.7415,-74.0029,B02512,April,6,81,0.76,Rain
2014-04-02,Wednesday,5,40.7232,-74.409,B02512,April,6,81,0.76,Rain
2014-04-02,Wednesday,5,40.7651,-73.9614,B02512,April,6,81,0.76,Rain
2014-04-02,Wednesday,5,40.7617,-73.9998,B02512,April,6,81,0.76,Rain
2014-04-02,Wednesday,5,40.7341,-74.0096,B02512,April,6,81,0.76,Rain
2014-04-02,Wednesday,5,40.7508,-74.1797,B02512,April,6,81,0.76,Rain
2014-04-02,Wednesday,5,40.7222,-73.9834,B02512,April,6,81,0.76,Rain
2014-04-02,Wednesday,5,40.7957,-73.9743,B02512,April,6,81,0.76,Rain
2014-04-02,Wednesday,5,40.7751,-73.9773,B02512,April,6,81,0.76,Rain
2014-04-02,Wednesday,5,40.7054,-74.0077,B02512,April,6,81,0.76,Rain
2014-04-02,Wednesday,5,40.7375,-74.0357,B02512,April,6,81,0.76,Rain
2014-04-02,Wednesday,5,40.7803,-73.9597,B02512,April,6,81,0.76,Rain
2014-04-02,Wednesday,6,40.7695,-73.9601,B02512,April,6,81,0.76,Rain
2014-04-02,Wednesday,6,40.7492,-73.9766,B02512,April,6,81,0.76,Rain
2014-04-02,Wednesday,6,40.721,-73.9993,B02512,April,6,81,0.76,Rain
2014-04-02,Wednesday,6,40.7238,-74.0037,B02512,April,6,81,0.76,Rain
2014-04-02,Wednesday,6,40.7337,-73.9979,B02512,April,6,81,0.76,Rain
2014-04-02,Wednesday,6,40.7565,-73.9838,B02512,April,6,81,0.76,Rain
2014-04-02,Wednesday,6,40.7707,-73.866,B02512,April,6,81,0.76,Rain
2014-04-02,Wednesday,6,40.7799,-73.9852,B02512,April,6,81,0.76,Rain
2014-04-02,Wednesday,6,40.8006,-73.9705,B02512,April,6,81,0.76,Rain
2014-04-02,Wednesday,6,40.7375,-74.0015,B02512,April,6,81,0.76,Rain
2014-04-02,Wednesday,6,40.771,-73.8659,B02512,April,6,81,0.76,Rain
2014-04-02,Wednesday,6,40.6914,-73.9843,B02512,April,6,81,0.76,Rain
2014-04-02,Wednesday,6,40.7141,-74.0413,B02512,April,6,81,0.76,Rain
2014-04-02,Wednesday,6,40.7236,-74.0109,B02512,April,6,81,0.76,Rain
2014-04-02,Wednesday,6,40.775,-73.9635,B02512,April,6,81,0.76,Rain
2014-04-02,Wednesday,6,40.7561,-73.9944,B02512,April,6,81,0.76,Rain
2014-04-02,Wednesday,6,40.8599,-73.9142,B02512,April,6,81,0.76,Rain
2014-04-02,Wednesday,6,40.7497,-73.972,B02512,April,6,81,0.76,Rain
2014-04-02,Wednesday,6,40.7547,-73.9975,B02512,April,6,81,0.76,Rain
2014-04-02,Wednesday,6,40.7508,-73.9945,B02512,April,6,81,0.76,Rain
2014-04-02,Wednesday,6,40.7248,-73.9823,B02512,April,6,81,0.76,Rain
2014-04-02,Wednesday,6,40.7775,-73.9787,B02512,April,6,81,0.76,Rain
2014-04-02,Wednesday,6,40.7196,-73.9995,B02512,April,6,81,0.76,Rain
2014-04-02,Wednesday,6,40.762,-73.9677,B02512,April,6,81,0.76,Rain
2014-04-02,Wednesday,6,40.7248,-73.9843,B02512,April,6,81,0.76,Rain
2014-04-02,Wednesday,6,40.773,-73.8854,B02512,April,6,81,0.76,Rain
2014-04-02,Wednesday,6,40.7775,-73.9858,B02512,April,6,81,0.76,Rain
2014-04-02,Wednesday,6,40.7724,-73.9669,B02512,April,6,81,0.76,Rain
2014-04-02,Wednesday,6,40.765,-73.9634,B02512,April,6,81,0.76,Rain
2014-04-02,Wednesday,6,40.7773,-73.9638,B02512,April,6,81,0.76,Rain
2014-04-02,Wednesday,6,40.7774,-73.9635,B02512,April,6,81,0.76,Rain
2014-04-02,Wednesday,6,40.7762,-73.9579,B02512,April,6,81,0.76,Rain
2014-04-02,Wednesday,6,40.7418,-74.0363,B02512,April,6,81,0.76,Rain
2014-04-02,Wednesday,6,40.7418,-74.0363,B02512,April,6,81,0.76,Rain
2014-04-02,Wednesday,6,40.7671,-73.9647,B02512,April,6,81,0.76,Rain
2014-04-02,Wednesday,6,40.7671,-73.9647,B02512,April,6,81,0.76,Rain
2014-04-02,Wednesday,6,40.7741,-73.9489,B02512,April,6,81,0.76,Rain
2014-04-02,Wednesday,6,40.7842,-73.9702,B02512,April,6,81,0.76,Rain
2014-04-02,Wednesday,6,40.7838,-73.9557,B02512,April,6,81,0.76,Rain
2014-04-02,Wednesday,6,40.7309,-74.0321,B02512,April,6,81,0.76,Rain
2014-04-02,Wednesday,6,40.7332,-73.9949,B02512,April,6,81,0.76,Rain
2014-04-02,Wednesday,6,40.7578,-73.9894,B02512,April,6,81,0.76,Rain
2014-04-02,Wednesday,6,40.7738,-73.9801,B02512,April,6,81,0.76,Rain
2014-04-02,Wednesday,6,40.7233,-73.9998,B02512,April,6,81,0.76,Rain
2014-04-02,Wednesday,6,40.7819,-73.9572,B02512,April,6,81,0.76,Rain
2014-04-02,Wednesday,6,40.7732,-73.9665,B02512,April,6,81,0.76,Rain
2014-04-02,Wednesday,6,40.7873,-73.9742,B02512,April,6,81,0.76,Rain
2014-04-02,Wednesday,6,40.726,-74.0007,B02512,April,6,81,0.76,Rain
2014-04-02,Wednesday,6,40.7737,-73.9487,B02512,April,6,81,0.76,Rain
2014-04-02,Wednesday,6,40.7725,-73.9627,B02512,April,6,81,0.76,Rain
2014-04-02,Wednesday,6,40.7511,-73.985,B02512,April,6,81,0.76,Rain
2014-04-02,Wednesday,6,40.7786,-73.9558,B02512,April,6,81,0.76,Rain
2014-04-02,Wednesday,6,40.6818,-73.9502,B02512,April,6,81,0.76,Rain
2014-04-02,Wednesday,6,40.7869,-73.9537,B02512,April,6,81,0.76,Rain
2014-04-02,Wednesday,6,40.7725,-73.9612,B02512,April,6,81,0.76,Rain
2014-04-02,Wednesday,6,40.7297,-73.9869,B02512,April,6,81,0.76,Rain
2014-04-02,Wednesday,6,40.7345,-74.001,B02512,April,6,81,0.76,Rain
2014-04-02,Wednesday,6,40.7343,-73.9898,B02512,April,6,81,0.76,Rain
2014-04-02,Wednesday,6,40.7747,-73.9911,B02512,April,6,81,0.76,Rain
2014-04-02,Wednesday,6,40.7149,-74.0079,B02512,April,6,81,0.76,Rain
2014-04-02,Wednesday,6,40.7228,-74.0102,B02512,April,6,81,0.76,Rain
2014-04-02,Wednesday,6,40.7169,-73.9894,B02512,April,6,81,0.76,Rain
2014-04-02,Wednesday,6,40.8212,-73.862,B02512,April,6,81,0.76,Rain
2014-04-02,Wednesday,6,40.6232,-74.0331,B02512,April,6,81,0.76,Rain
2014-04-02,Wednesday,6,40.7494,-74.0246,B02512,April,6,81,0.76,Rain
2014-04-02,Wednesday,7,40.7337,-74.0044,B02512,April,6,81,0.76,Rain
2014-04-02,Wednesday,7,40.7382,-74.001,B02512,April,6,81,0.76,Rain
2014-04-02,Wednesday,7,40.7805,-73.982,B02512,April,6,81,0.76,Rain
2014-04-02,Wednesday,7,40.7865,-73.9699,B02512,April,6,81,0.76,Rain
2014-04-02,Wednesday,7,40.7333,-74.0092,B02512,April,6,81,0.76,Rain
2014-04-02,Wednesday,7,40.709,-74.0166,B02512,April,6,81,0.76,Rain
2014-04-02,Wednesday,7,40.7607,-73.9981,B02512,April,6,81,0.76,Rain
2014-04-02,Wednesday,7,40.7732,-73.9449,B02512,April,6,81,0.76,Rain
2014-04-02,Wednesday,7,40.7759,-73.9089,B02512,April,6,81,0.76,Rain
2014-04-02,Wednesday,7,40.7797,-73.9878,B02512,April,6,81,0.76,Rain
2014-04-02,Wednesday,7,40.7924,-73.9678,B02512,April,6,81,0.76,Rain
2014-04-02,Wednesday,7,40.7591,-73.9939,B02512,April,6,81,0.76,Rain
2014-04-02,Wednesday,7,40.7591,-73.9939,B02512,April,6,81,0.76,Rain
2014-04-02,Wednesday,7,40.735,-73.9919,B02512,April,6,81,0.76,Rain
2014-04-02,Wednesday,7,40.7234,-73.9911,B02512,April,6,81,0.76,Rain
2014-04-02,Wednesday,7,40.7096,-74.0069,B02512,April,6,81,0.76,Rain
2014-04-02,Wednesday,7,40.7828,-73.9553,B02512,April,6,81,0.76,Rain
2014-04-02,Wednesday,7,40.7649,-73.9794,B02512,April,6,81,0.76,Rain
2014-04-02,Wednesday,7,40.7595,-73.976,B02512,April,6,81,0.76,Rain
2014-04-02,Wednesday,7,40.7707,-73.9874,B02512,April,6,81,0.76,Rain
2014-04-02,Wednesday,7,40.7056,-74.0087,B02512,April,6,81,0.76,Rain
2014-04-02,Wednesday,7,40.7749,-73.9612,B02512,April,6,81,0.76,Rain
2014-04-02,Wednesday,7,40.8041,-73.9546,B02512,April,6,81,0.76,Rain
2014-04-02,Wednesday,7,40.7772,-73.9753,B02512,April,6,81,0.76,Rain
2014-04-02,Wednesday,7,40.7531,-73.9741,B02512,April,6,81,0.76,Rain
2014-04-02,Wednesday,7,40.777,-73.9522,B02512,April,6,81,0.76,Rain
2014-04-02,Wednesday,7,40.7584,-73.9671,B02512,April,6,81,0.76,Rain
2014-04-02,Wednesday,7,40.7366,-73.9888,B02512,April,6,81,0.76,Rain
2014-04-02,Wednesday,7,40.7372,-73.9864,B02512,April,6,81,0.76,Rain
2014-04-02,Wednesday,7,40.7459,-74.0076,B02512,April,6,81,0.76,Rain
2014-04-02,Wednesday,7,40.741,-73.9926,B02512,April,6,81,0.76,Rain
2014-04-02,Wednesday,7,40.7775,-73.9467,B02512,April,6,81,0.76,Rain
2014-04-02,Wednesday,7,40.7347,-73.9797,B02512,April,6,81,0.76,Rain
2014-04-02,Wednesday,7,40.7227,-74.0045,B02512,April,6,81,0.76,Rain
2014-04-02,Wednesday,7,40.7253,-73.9921,B02512,April,6,81,0.76,Rain
2014-04-02,Wednesday,7,40.7832,-73.9551,B02512,April,6,81,0.76,Rain
2014-04-02,Wednesday,7,40.7199,-73.9538,B02512,April,6,81,0.76,Rain
2014-04-02,Wednesday,7,40.6863,-73.9936,B02512,April,6,81,0.76,Rain
2014-04-02,Wednesday,7,40.7573,-73.9934,B02512,April,6,81,0.76,Rain
2014-04-02,Wednesday,7,40.7461,-74.0003,B02512,April,6,81,0.76,Rain
2014-04-02,Wednesday,7,40.7625,-73.9906,B02512,April,6,81,0.76,Rain
2014-04-02,Wednesday,7,40.7166,-73.9969,B02512,April,6,81,0.76,Rain
2014-04-02,Wednesday,7,40.7951,-73.9761,B02512,April,6,81,0.76,Rain
2014-04-02,Wednesday,7,40.7661,-73.9642,B02512,April,6,81,0.76,Rain
2014-04-02,Wednesday,7,40.7388,-74.0071,B02512,April,6,81,0.76,Rain
2014-04-02,Wednesday,7,40.7361,-73.9858,B02512,April,6,81,0.76,Rain
2014-04-02,Wednesday,7,40.7408,-74.0018,B02512,April,6,81,0.76,Rain
2014-04-02,Wednesday,7,40.7398,-74.0001,B02512,April,6,81,0.76,Rain
2014-04-02,Wednesday,7,40.716,-74.0073,B02512,April,6,81,0.76,Rain
2014-04-02,Wednesday,7,40.7427,-73.9964,B02512,April,6,81,0.76,Rain
2014-04-02,Wednesday,7,40.7427,-73.9964,B02512,April,6,81,0.76,Rain
2014-04-02,Wednesday,7,40.7377,-73.9827,B02512,April,6,81,0.76,Rain
2014-04-02,Wednesday,7,40.7707,-73.9632,B02512,April,6,81,0.76,Rain
2014-04-02,Wednesday,7,40.7694,-73.9598,B02512,April,6,81,0.76,Rain
2014-04-02,Wednesday,7,40.7688,-73.9697,B02512,April,6,81,0.76,Rain
2014-04-02,Wednesday,7,40.7794,-73.9597,B02512,April,6,81,0.76,Rain
2014-04-02,Wednesday,7,40.7694,-73.9558,B02512,April,6,81,0.76,Rain
2014-04-02,Wednesday,7,40.7627,-73.9635,B02512,April,6,81,0.76,Rain
2014-04-02,Wednesday,7,40.7377,-73.9802,B02512,April,6,81,0.76,Rain
2014-04-02,Wednesday,7,40.7562,-74.0429,B02512,April,6,81,0.76,Rain
2014-04-02,Wednesday,7,40.7562,-74.0429,B02512,April,6,81,0.76,Rain
2014-04-02,Wednesday,7,40.7223,-74.0114,B02512,April,6,81,0.76,Rain
2014-04-02,Wednesday,7,40.7237,-74.0107,B02512,April,6,81,0.76,Rain
2014-04-02,Wednesday,7,40.7069,-74.0079,B02512,April,6,81,0.76,Rain
2014-04-02,Wednesday,7,40.731,-73.9796,B02512,April,6,81,0.76,Rain
2014-04-02,Wednesday,7,40.7229,-74.0033,B02512,April,6,81,0.76,Rain
2014-04-02,Wednesday,7,40.7817,-73.9721,B02512,April,6,81,0.76,Rain
2014-04-02,Wednesday,7,40.7364,-73.9797,B02512,April,6,81,0.76,Rain
2014-04-02,Wednesday,7,40.7272,-73.9796,B02512,April,6,81,0.76,Rain
2014-04-02,Wednesday,7,40.6678,-73.7958,B02512,April,6,81,0.76,Rain
2014-04-02,Wednesday,7,40.7256,-73.9898,B02512,April,6,81,0.76,Rain
2014-04-02,Wednesday,7,40.7749,-73.99,B02512,April,6,81,0.76,Rain
2014-04-02,Wednesday,7,40.7331,-73.9999,B02512,April,6,81,0.76,Rain
2014-04-02,Wednesday,7,40.7527,-73.9811,B02512,April,6,81,0.76,Rain
2014-04-02,Wednesday,7,40.7222,-74.0039,B02512,April,6,81,0.76,Rain
2014-04-02,Wednesday,7,40.7375,-73.9912,B02512,April,6,81,0.76,Rain
2014-04-02,Wednesday,7,40.7177,-73.9923,B02512,April,6,81,0.76,Rain
2014-04-02,Wednesday,8,40.7191,-74.0036,B02512,April,6,81,0.76,Rain
2014-04-02,Wednesday,8,40.7342,-73.9853,B02512,April,6,81,0.76,Rain
2014-04-02,Wednesday,8,40.779,-73.9485,B02512,April,6,81,0.76,Rain
2014-04-02,Wednesday,8,40.5802,-73.9698,B02512,April,6,81,0.76,Rain
2014-04-02,Wednesday,8,40.7256,-73.9938,B02512,April,6,81,0.76,Rain
2014-04-02,Wednesday,8,40.7305,-73.9832,B02512,April,6,81,0.76,Rain
2014-04-02,Wednesday,8,40.7336,-74.0082,B02512,April,6,81,0.76,Rain
2014-04-02,Wednesday,8,40.7156,-73.9407,B02512,April,6,81,0.76,Rain
2014-04-02,Wednesday,8,40.7369,-73.9789,B02512,April,6,81,0.76,Rain
2014-04-02,Wednesday,8,40.7646,-73.9778,B02512,April,6,81,0.76,Rain
2014-04-02,Wednesday,8,40.762,-73.9714,B02512,April,6,81,0.76,Rain
2014-04-02,Wednesday,8,40.7196,-73.9895,B02512,April,6,81,0.76,Rain
2014-04-02,Wednesday,8,40.7666,-73.96,B02512,April,6,81,0.76,Rain
2014-04-02,Wednesday,8,40.7288,-73.9994,B02512,April,6,81,0.76,Rain
2014-04-02,Wednesday,8,40.7484,-73.9902,B02512,April,6,81,0.76,Rain
2014-04-02,Wednesday,8,40.7802,-73.9512,B02512,April,6,81,0.76,Rain
2014-04-02,Wednesday,8,40.7059,-74.0084,B02512,April,6,81,0.76,Rain
2014-04-02,Wednesday,8,40.7679,-73.9855,B02512,April,6,81,0.76,Rain
2014-04-02,Wednesday,8,40.7274,-73.981,B02512,April,6,81,0.76,Rain
2014-04-02,Wednesday,8,40.777,-73.9498,B02512,April,6,81,0.76,Rain
2014-04-02,Wednesday,8,40.7328,-73.9856,B02512,April,6,81,0.76,Rain
2014-04-02,Wednesday,8,40.7739,-73.8727,B02512,April,6,81,0.76,Rain
2014-04-02,Wednesday,8,40.7015,-73.9826,B02512,April,6,81,0.76,Rain
2014-04-02,Wednesday,8,40.7044,-74.0144,B02512,April,6,81,0.76,Rain
2014-04-02,Wednesday,8,40.7261,-74.0005,B02512,April,6,81,0.76,Rain
2014-04-02,Wednesday,8,40.7349,-73.9772,B02512,April,6,81,0.76,Rain
2014-04-02,Wednesday,8,40.736,-73.9918,B02512,April,6,81,0.76,Rain
2014-04-02,Wednesday,8,40.7991,-73.9612,B02512,April,6,81,0.76,Rain
2014-04-02,Wednesday,8,40.7261,-73.9872,B02512,April,6,81,0.76,Rain
2014-04-02,Wednesday,8,40.75,-73.9754,B02512,April,6,81,0.76,Rain
2014-04-02,Wednesday,8,40.7455,-74.0057,B02512,April,6,81,0.76,Rain
2014-04-02,Wednesday,8,40.7197,-74.0025,B02512,April,6,81,0.76,Rain
2014-04-02,Wednesday,8,40.776,-73.9603,B02512,April,6,81,0.76,Rain
2014-04-02,Wednesday,8,40.7189,-74.0024,B02512,April,6,81,0.76,Rain
2014-04-02,Wednesday,8,40.7716,-73.9865,B02512,April,6,81,0.76,Rain
2014-04-02,Wednesday,8,40.7621,-73.9875,B02512,April,6,81,0.76,Rain
2014-04-02,Wednesday,8,40.7117,-74.0069,B02512,April,6,81,0.76,Rain
2014-04-02,Wednesday,8,40.7093,-74.0177,B02512,April,6,81,0.76,Rain
2014-04-02,Wednesday,8,40.7834,-73.9783,B02512,April,6,81,0.76,Rain
2014-04-02,Wednesday,8,40.7187,-74.0052,B02512,April,6,81,0.76,Rain
2014-04-02,Wednesday,8,40.7666,-73.9707,B02512,April,6,81,0.76,Rain
2014-04-02,Wednesday,8,40.75,-73.9815,B02512,April,6,81,0.76,Rain
2014-04-02,Wednesday,8,40.7663,-73.9607,B02512,April,6,81,0.76,Rain
2014-04-02,Wednesday,8,40.7406,-74.0078,B02512,April,6,81,0.76,Rain
2014-04-02,Wednesday,8,40.7406,-74.0078,B02512,April,6,81,0.76,Rain
2014-04-02,Wednesday,8,40.7354,-74.0039,B02512,April,6,81,0.76,Rain
2014-04-02,Wednesday,8,40.7361,-73.9979,B02512,April,6,81,0.76,Rain
2014-04-02,Wednesday,8,40.779,-73.9826,B02512,April,6,81,0.76,Rain
2014-04-02,Wednesday,8,40.7407,-73.9874,B02512,April,6,81,0.76,Rain
2014-04-02,Wednesday,8,40.7896,-73.9759,B02512,April,6,81,0.76,Rain
2014-04-02,Wednesday,8,40.7483,-73.9728,B02512,April,6,81,0.76,Rain
2014-04-02,Wednesday,8,40.733,-73.996,B02512,April,6,81,0.76,Rain
2014-04-02,Wednesday,8,40.6947,-73.9594,B02512,April,6,81,0.76,Rain
2014-04-02,Wednesday,8,40.7831,-73.9568,B02512,April,6,81,0.76,Rain
2014-04-02,Wednesday,8,40.774,-73.9659,B02512,April,6,81,0.76,Rain
2014-04-02,Wednesday,8,40.7659,-73.9545,B02512,April,6,81,0.76,Rain
2014-04-02,Wednesday,8,40.7599,-73.9913,B02512,April,6,81,0.76,Rain
2014-04-02,Wednesday,8,40.7235,-74.0107,B02512,April,6,81,0.76,Rain
2014-04-02,Wednesday,8,40.7642,-73.9712,B02512,April,6,81,0.76,Rain
2014-04-02,Wednesday,8,40.6735,-73.9516,B02512,April,6,81,0.76,Rain
2014-04-02,Wednesday,8,40.7181,-74.0031,B02512,April,6,81,0.76,Rain
2014-04-02,Wednesday,8,40.7578,-73.989,B02512,April,6,81,0.76,Rain
2014-04-02,Wednesday,8,40.7747,-73.9603,B02512,April,6,81,0.76,Rain
2014-04-02,Wednesday,8,40.7412,-74.0034,B02512,April,6,81,0.76,Rain
2014-04-02,Wednesday,8,40.7519,-73.9937,B02512,April,6,81,0.76,Rain
2014-04-02,Wednesday,8,40.7527,-73.9857,B02512,April,6,81,0.76,Rain
2014-04-02,Wednesday,8,40.7543,-73.9755,B02512,April,6,81,0.76,Rain
2014-04-02,Wednesday,8,40.775,-73.9764,B02512,April,6,81,0.76,Rain
2014-04-02,Wednesday,8,40.7742,-73.9632,B02512,April,6,81,0.76,Rain
2014-04-02,Wednesday,8,40.7502,-73.984,B02512,April,6,81,0.76,Rain
2014-04-02,Wednesday,9,40.8897,-73.903,B02512,April,6,81,0.76,Rain
2014-04-02,Wednesday,9,40.7056,-74.0063,B02512,April,6,81,0.76,Rain
2014-04-02,Wednesday,9,40.7505,-73.9946,B02512,April,6,81,0.76,Rain
2014-04-02,Wednesday,9,40.7515,-73.9784,B02512,April,6,81,0.76,Rain
2014-04-02,Wednesday,9,40.7507,-74.0034,B02512,April,6,81,0.76,Rain
2014-04-02,Wednesday,9,40.7301,-74.0415,B02512,April,6,81,0.76,Rain
2014-04-02,Wednesday,9,40.7301,-74.0415,B02512,April,6,81,0.76,Rain
2014-04-02,Wednesday,9,40.7684,-73.9599,B02512,April,6,81,0.76,Rain
2014-04-02,Wednesday,9,40.7181,-73.987,B02512,April,6,81,0.76,Rain
2014-04-02,Wednesday,9,40.7049,-74.0157,B02512,April,6,81,0.76,Rain
2014-04-02,Wednesday,9,40.7758,-73.9561,B02512,April,6,81,0.76,Rain
2014-04-02,Wednesday,9,40.7562,-73.9717,B02512,April,6,81,0.76,Rain
2014-04-02,Wednesday,9,40.7415,-74.0067,B02512,April,6,81,0.76,Rain
2014-04-02,Wednesday,9,40.7467,-73.9883,B02512,April,6,81,0.76,Rain
2014-04-02,Wednesday,9,40.7554,-73.9713,B02512,April,6,81,0.76,Rain
2014-04-02,Wednesday,9,40.7241,-73.9975,B02512,April,6,81,0.76,Rain
2014-04-02,Wednesday,9,40.6912,-73.9939,B02512,April,6,81,0.76,Rain
2014-04-02,Wednesday,9,40.7752,-73.9635,B02512,April,6,81,0.76,Rain
2014-04-02,Wednesday,9,40.7518,-73.9937,B02512,April,6,81,0.76,Rain
2014-04-02,Wednesday,9,40.7518,-73.9937,B02512,April,6,81,0.76,Rain
2014-04-02,Wednesday,9,40.7127,-73.9659,B02512,April,6,81,0.76,Rain
2014-04-02,Wednesday,9,40.7653,-73.9614,B02512,April,6,81,0.76,Rain
2014-04-02,Wednesday,9,40.6801,-74.0097,B02512,April,6,81,0.76,Rain
2014-04-02,Wednesday,9,40.7505,-73.9782,B02512,April,6,81,0.76,Rain
2014-04-02,Wednesday,9,40.7745,-73.964,B02512,April,6,81,0.76,Rain
2014-04-02,Wednesday,9,40.7352,-73.9976,B02512,April,6,81,0.76,Rain
2014-04-02,Wednesday,9,40.74,-74.007,B02512,April,6,81,0.76,Rain
2014-04-02,Wednesday,9,40.7451,-73.9892,B02512,April,6,81,0.76,Rain
2014-04-02,Wednesday,9,40.7877,-73.9787,B02512,April,6,81,0.76,Rain
2014-04-02,Wednesday,9,40.7643,-73.9735,B02512,April,6,81,0.76,Rain
2014-04-02,Wednesday,9,40.7246,-73.9916,B02512,April,6,81,0.76,Rain
2014-04-02,Wednesday,9,40.7258,-73.9987,B02512,April,6,81,0.76,Rain
2014-04-02,Wednesday,9,40.7619,-73.9727,B02512,April,6,81,0.76,Rain
2014-04-02,Wednesday,9,40.7428,-73.9862,B02512,April,6,81,0.76,Rain
2014-04-02,Wednesday,9,40.7235,-74.0062,B02512,April,6,81,0.76,Rain
2014-04-02,Wednesday,9,40.7648,-73.9705,B02512,April,6,81,0.76,Rain
2014-04-02,Wednesday,9,40.7229,-73.9967,B02512,April,6,81,0.76,Rain
2014-04-02,Wednesday,9,40.7261,-73.9973,B02512,April,6,81,0.76,Rain
2014-04-02,Wednesday,9,40.7829,-73.9573,B02512,April,6,81,0.76,Rain
2014-04-02,Wednesday,9,40.7667,-73.9792,B02512,April,6,81,0.76,Rain
2014-04-02,Wednesday,9,40.7553,-73.981,B02512,April,6,81,0.76,Rain
2014-04-02,Wednesday,9,40.7645,-73.9797,B02512,April,6,81,0.76,Rain
2014-04-02,Wednesday,9,40.7645,-73.9797,B02512,April,6,81,0.76,Rain
2014-04-02,Wednesday,9,40.7685,-73.8625,B02512,April,6,81,0.76,Rain
2014-04-02,Wednesday,9,40.7349,-74.0076,B02512,April,6,81,0.76,Rain
2014-04-02,Wednesday,9,40.7906,-73.9559,B02512,April,6,81,0.76,Rain
2014-04-02,Wednesday,9,40.7478,-74.0045,B02512,April,6,81,0.76,Rain
2014-04-02,Wednesday,9,40.7751,-73.9634,B02512,April,6,81,0.76,Rain
2014-04-02,Wednesday,9,40.7657,-73.972,B02512,April,6,81,0.76,Rain
2014-04-02,Wednesday,10,40.7595,-73.9854,B02512,April,6,81,0.76,Rain
2014-04-02,Wednesday,10,40.7258,-73.9949,B02512,April,6,81,0.76,Rain
2014-04-02,Wednesday,10,40.7539,-73.9954,B02512,April,6,81,0.76,Rain
2014-04-02,Wednesday,10,40.772,-73.961,B02512,April,6,81,0.76,Rain
2014-04-02,Wednesday,10,40.7749,-73.9652,B02512,April,6,81,0.76,Rain
2014-04-02,Wednesday,10,40.7439,-73.9878,B02512,April,6,81,0.76,Rain
2014-04-02,Wednesday,10,40.7741,-73.9631,B02512,April,6,81,0.76,Rain
2014-04-02,Wednesday,10,40.7071,-74.0048,B02512,April,6,81,0.76,Rain
2014-04-02,Wednesday,10,40.7419,-74.0036,B02512,April,6,81,0.76,Rain
2014-04-02,Wednesday,10,40.7401,-73.9939,B02512,April,6,81,0.76,Rain
2014-04-02,Wednesday,10,40.7636,-73.9692,B02512,April,6,81,0.76,Rain
2014-04-02,Wednesday,10,40.8722,-74.0626,B02512,April,6,81,0.76,Rain
2014-04-02,Wednesday,10,40.7474,-73.9815,B02512,April,6,81,0.76,Rain
2014-04-02,Wednesday,10,40.7708,-73.8656,B02512,April,6,81,0.76,Rain
2014-04-02,Wednesday,10,40.7624,-73.9835,B02512,April,6,81,0.76,Rain
2014-04-02,Wednesday,10,40.7237,-73.9889,B02512,April,6,81,0.76,Rain
2014-04-02,Wednesday,10,40.7704,-73.8652,B02512,April,6,81,0.76,Rain
2014-04-02,Wednesday,10,40.7497,-73.9915,B02512,April,6,81,0.76,Rain
2014-04-02,Wednesday,10,40.7228,-73.9983,B02512,April,6,81,0.76,Rain
2014-04-02,Wednesday,10,40.7371,-73.9987,B02512,April,6,81,0.76,Rain
2014-04-02,Wednesday,10,40.7715,-73.9654,B02512,April,6,81,0.76,Rain
2014-04-02,Wednesday,10,40.7338,-73.9431,B02512,April,6,81,0.76,Rain
2014-04-02,Wednesday,10,40.7697,-73.9486,B02512,April,6,81,0.76,Rain
2014-04-02,Wednesday,10,40.7793,-73.9623,B02512,April,6,81,0.76,Rain
2014-04-02,Wednesday,10,40.7528,-73.9328,B02512,April,6,81,0.76,Rain
2014-04-02,Wednesday,10,40.7856,-74.0165,B02512,April,6,81,0.76,Rain
2014-04-02,Wednesday,10,40.7856,-74.0165,B02512,April,6,81,0.76,Rain
2014-04-02,Wednesday,10,40.7604,-73.9801,B02512,April,6,81,0.76,Rain
2014-04-02,Wednesday,10,40.805,-73.9668,B02512,April,6,81,0.76,Rain
2014-04-02,Wednesday,10,40.7446,-73.9876,B02512,April,6,81,0.76,Rain
2014-04-02,Wednesday,10,40.7871,-73.9776,B02512,April,6,81,0.76,Rain
2014-04-02,Wednesday,10,40.8551,-73.9322,B02512,April,6,81,0.76,Rain
2014-04-02,Wednesday,10,40.7338,-74.0046,B02512,April,6,81,0.76,Rain
2014-04-02,Wednesday,10,40.7989,-73.9414,B02512,April,6,81,0.76,Rain
2014-04-02,Wednesday,10,40.7605,-73.9855,B02512,April,6,81,0.76,Rain
2014-04-02,Wednesday,10,40.7718,-73.9634,B02512,April,6,81,0.76,Rain
2014-04-02,Wednesday,10,40.7555,-73.9771,B02512,April,6,81,0.76,Rain
2014-04-02,Wednesday,10,40.7644,-73.9714,B02512,April,6,81,0.76,Rain
2014-04-02,Wednesday,10,40.7442,-73.9833,B02512,April,6,81,0.76,Rain
2014-04-02,Wednesday,10,40.7363,-74.1654,B02512,April,6,81,0.76,Rain
2014-04-02,Wednesday,10,40.7267,-73.9957,B02512,April,6,81,0.76,Rain
2014-04-02,Wednesday,10,40.7619,-73.9665,B02512,April,6,81,0.76,Rain
2014-04-02,Wednesday,10,40.773,-73.9662,B02512,April,6,81,0.76,Rain
2014-04-02,Wednesday,10,40.804,-73.9311,B02512,April,6,81,0.76,Rain
2014-04-02,Wednesday,10,40.7547,-73.9897,B02512,April,6,81,0.76,Rain
2014-04-02,Wednesday,10,40.7222,-73.9997,B02512,April,6,81,0.76,Rain
2014-04-02,Wednesday,10,40.7516,-73.9768,B02512,April,6,81,0.76,Rain
2014-04-02,Wednesday,10,40.779,-73.9581,B02512,April,6,81,0.76,Rain
2014-04-02,Wednesday,10,40.7369,-74.0076,B02512,April,6,81,0.76,Rain
2014-04-02,Wednesday,10,40.7827,-73.9798,B02512,April,6,81,0.76,Rain
2014-04-02,Wednesday,10,40.7219,-74.0022,B02512,April,6,81,0.76,Rain
2014-04-02,Wednesday,10,40.7607,-73.986,B02512,April,6,81,0.76,Rain
2014-04-02,Wednesday,10,40.7715,-73.965,B02512,April,6,81,0.76,Rain
2014-04-02,Wednesday,10,40.7301,-74.0055,B02512,April,6,81,0.76,Rain
2014-04-02,Wednesday,10,40.752,-73.9936,B02512,April,6,81,0.76,Rain
2014-04-02,Wednesday,10,40.7336,-73.9959,B02512,April,6,81,0.76,Rain
2014-04-02,Wednesday,10,40.7575,-73.9756,B02512,April,6,81,0.76,Rain
2014-04-02,Wednesday,10,40.771,-73.8657,B02512,April,6,81,0.76,Rain
2014-04-02,Wednesday,10,40.7569,-73.9741,B02512,April,6,81,0.76,Rain
2014-04-02,Wednesday,11,40.7516,-73.976,B02512,April,6,81,0.76,Rain
2014-04-02,Wednesday,11,40.7582,-73.9753,B02512,April,6,81,0.76,Rain
2014-04-02,Wednesday,11,40.7228,-74.0047,B02512,April,6,81,0.76,Rain
2014-04-02,Wednesday,11,40.7732,-73.8856,B02512,April,6,81,0.76,Rain
2014-04-02,Wednesday,11,40.7732,-73.8856,B02512,April,6,81,0.76,Rain
2014-04-02,Wednesday,11,40.714,-74.0095,B02512,April,6,81,0.76,Rain
2014-04-02,Wednesday,11,40.7631,-73.9823,B02512,April,6,81,0.76,Rain
2014-04-02,Wednesday,11,40.7795,-73.9736,B02512,April,6,81,0.76,Rain
2014-04-02,Wednesday,11,40.7736,-73.9637,B02512,April,6,81,0.76,Rain
2014-04-02,Wednesday,11,40.759,-73.9943,B02512,April,6,81,0.76,Rain
2014-04-02,Wednesday,11,40.712,-73.9631,B02512,April,6,81,0.76,Rain
2014-04-02,Wednesday,11,40.7567,-73.984,B02512,April,6,81,0.76,Rain
2014-04-02,Wednesday,11,40.7646,-73.9666,B02512,April,6,81,0.76,Rain
2014-04-02,Wednesday,11,40.7549,-73.9728,B02512,April,6,81,0.76,Rain
2014-04-02,Wednesday,11,40.7092,-74.0163,B02512,April,6,81,0.76,Rain
2014-04-02,Wednesday,11,40.6948,-74.1777,B02512,April,6,81,0.76,Rain
2014-04-02,Wednesday,11,40.7598,-73.9845,B02512,April,6,81,0.76,Rain
2014-04-02,Wednesday,11,40.7573,-73.9667,B02512,April,6,81,0.76,Rain
2014-04-02,Wednesday,11,40.7239,-73.9966,B02512,April,6,81,0.76,Rain
2014-04-02,Wednesday,11,40.783,-73.9572,B02512,April,6,81,0.76,Rain
2014-04-02,Wednesday,11,40.7541,-73.9857,B02512,April,6,81,0.76,Rain
2014-04-02,Wednesday,11,40.7569,-73.9734,B02512,April,6,81,0.76,Rain
2014-04-02,Wednesday,11,40.7543,-73.9739,B02512,April,6,81,0.76,Rain
2014-04-02,Wednesday,11,40.7665,-73.9864,B02512,April,6,81,0.76,Rain
2014-04-02,Wednesday,11,40.7319,-73.9996,B02512,April,6,81,0.76,Rain
2014-04-02,Wednesday,11,40.8073,-73.9643,B02512,April,6,81,0.76,Rain
2014-04-02,Wednesday,11,40.7611,-73.9692,B02512,April,6,81,0.76,Rain
2014-04-02,Wednesday,11,40.7501,-73.9735,B02512,April,6,81,0.76,Rain
2014-04-02,Wednesday,11,40.7388,-74.1654,B02512,April,6,81,0.76,Rain
2014-04-02,Wednesday,11,40.7336,-74.0064,B02512,April,6,81,0.76,Rain
2014-04-02,Wednesday,11,40.757,-73.9821,B02512,April,6,81,0.76,Rain
2014-04-02,Wednesday,11,40.7539,-73.9942,B02512,April,6,81,0.76,Rain
2014-04-02,Wednesday,11,40.7676,-73.9825,B02512,April,6,81,0.76,Rain
2014-04-02,Wednesday,11,40.7477,-73.9807,B02512,April,6,81,0.76,Rain
2014-04-02,Wednesday,11,40.7583,-73.9816,B02512,April,6,81,0.76,Rain
2014-04-02,Wednesday,11,40.7387,-74.0087,B02512,April,6,81,0.76,Rain
2014-04-02,Wednesday,11,40.6928,-73.9738,B02512,April,6,81,0.76,Rain
2014-04-02,Wednesday,11,40.7116,-73.9613,B02512,April,6,81,0.76,Rain
2014-04-02,Wednesday,11,40.7325,-73.9969,B02512,April,6,81,0.76,Rain
2014-04-02,Wednesday,11,40.7602,-73.9832,B02512,April,6,81,0.76,Rain
2014-04-02,Wednesday,11,40.754,-73.9801,B02512,April,6,81,0.76,Rain
2014-04-02,Wednesday,11,40.73,-74.0066,B02512,April,6,81,0.76,Rain
2014-04-02,Wednesday,11,40.7578,-73.9746,B02512,April,6,81,0.76,Rain
2014-04-02,Wednesday,11,40.7407,-73.9837,B02512,April,6,81,0.76,Rain
2014-04-02,Wednesday,11,40.7255,-74.01,B02512,April,6,81,0.76,Rain
2014-04-02,Wednesday,11,40.7572,-73.9741,B02512,April,6,81,0.76,Rain
2014-04-02,Wednesday,11,40.7781,-73.9804,B02512,April,6,81,0.76,Rain
2014-04-02,Wednesday,11,40.705,-74.0113,B02512,April,6,81,0.76,Rain
2014-04-02,Wednesday,11,40.72,-73.9788,B02512,April,6,81,0.76,Rain
2014-04-02,Wednesday,11,40.7251,-74.0047,B02512,April,6,81,0.76,Rain
2014-04-02,Wednesday,11,40.7535,-73.9926,B02512,April,6,81,0.76,Rain
2014-04-02,Wednesday,11,40.7063,-74.0167,B02512,April,6,81,0.76,Rain
2014-04-02,Wednesday,12,40.744,-74.001,B02512,April,6,81,0.76,Rain
2014-04-02,Wednesday,12,40.7593,-73.9685,B02512,April,6,81,0.76,Rain
2014-04-02,Wednesday,12,40.7549,-73.9803,B02512,April,6,81,0.76,Rain
2014-04-02,Wednesday,12,40.7742,-73.8723,B02512,April,6,81,0.76,Rain
2014-04-02,Wednesday,12,40.7075,-74.0056,B02512,April,6,81,0.76,Rain
2014-04-02,Wednesday,12,40.7249,-74.0078,B02512,April,6,81,0.76,Rain
2014-04-02,Wednesday,12,40.7795,-73.9614,B02512,April,6,81,0.76,Rain
2014-04-02,Wednesday,12,40.7795,-73.9614,B02512,April,6,81,0.76,Rain
2014-04-02,Wednesday,12,40.7609,-73.9712,B02512,April,6,81,0.76,Rain
2014-04-02,Wednesday,12,40.7741,-73.8726,B02512,April,6,81,0.76,Rain
2014-04-02,Wednesday,12,40.758,-73.9849,B02512,April,6,81,0.76,Rain
2014-04-02,Wednesday,12,40.7212,-73.9992,B02512,April,6,81,0.76,Rain
2014-04-02,Wednesday,12,40.7609,-73.9696,B02512,April,6,81,0.76,Rain
2014-04-02,Wednesday,12,40.7656,-73.9549,B02512,April,6,81,0.76,Rain
2014-04-02,Wednesday,12,40.7739,-73.8727,B02512,April,6,81,0.76,Rain
2014-04-02,Wednesday,12,40.7714,-73.9645,B02512,April,6,81,0.76,Rain
2014-04-02,Wednesday,12,40.7803,-73.9596,B02512,April,6,81,0.76,Rain
2014-04-02,Wednesday,12,40.7307,-73.9851,B02512,April,6,81,0.76,Rain
2014-04-02,Wednesday,12,40.7413,-73.9877,B02512,April,6,81,0.76,Rain
2014-04-02,Wednesday,12,40.736,-73.9876,B02512,April,6,81,0.76,Rain
2014-04-02,Wednesday,12,40.7097,-74.0045,B02512,April,6,81,0.76,Rain
2014-04-02,Wednesday,12,40.7694,-73.9832,B02512,April,6,81,0.76,Rain
2014-04-02,Wednesday,12,40.7649,-73.9784,B02512,April,6,81,0.76,Rain
2014-04-02,Wednesday,12,40.7374,-74.0386,B02512,April,6,81,0.76,Rain
2014-04-02,Wednesday,12,40.83,-73.9719,B02512,April,6,81,0.76,Rain
2014-04-02,Wednesday,12,40.83,-73.9719,B02512,April,6,81,0.76,Rain
2014-04-02,Wednesday,12,40.7309,-73.9914,B02512,April,6,81,0.76,Rain
2014-04-02,Wednesday,12,40.7765,-73.9766,B02512,April,6,81,0.76,Rain
2014-04-02,Wednesday,12,40.718,-74.0048,B02512,April,6,81,0.76,Rain
2014-04-02,Wednesday,12,40.7714,-73.9899,B02512,April,6,81,0.76,Rain
2014-04-02,Wednesday,12,40.7244,-74.0001,B02512,April,6,81,0.76,Rain
2014-04-02,Wednesday,12,40.728,-74.005,B02512,April,6,81,0.76,Rain
2014-04-02,Wednesday,12,40.7368,-74.0046,B02512,April,6,81,0.76,Rain
2014-04-02,Wednesday,12,40.7562,-73.9797,B02512,April,6,81,0.76,Rain
2014-04-02,Wednesday,12,40.7415,-73.9752,B02512,April,6,81,0.76,Rain
2014-04-02,Wednesday,12,40.7511,-73.9851,B02512,April,6,81,0.76,Rain
2014-04-02,Wednesday,12,40.7056,-74.0134,B02512,April,6,81,0.76,Rain
2014-04-02,Wednesday,12,40.7571,-73.97,B02512,April,6,81,0.76,Rain
2014-04-02,Wednesday,12,40.7676,-73.9616,B02512,April,6,81,0.76,Rain
2014-04-02,Wednesday,12,40.7544,-73.9834,B02512,April,6,81,0.76,Rain
2014-04-02,Wednesday,12,40.7653,-73.9755,B02512,April,6,81,0.76,Rain
2014-04-02,Wednesday,12,40.7619,-73.9794,B02512,April,6,81,0.76,Rain
2014-04-02,Wednesday,12,40.7279,-73.9992,B02512,April,6,81,0.76,Rain
2014-04-02,Wednesday,12,40.7371,-73.9886,B02512,April,6,81,0.76,Rain
2014-04-02,Wednesday,12,40.7549,-73.9706,B02512,April,6,81,0.76,Rain
2014-04-02,Wednesday,12,40.7321,-74.0021,B02512,April,6,81,0.76,Rain
2014-04-02,Wednesday,12,40.772,-73.9597,B02512,April,6,81,0.76,Rain
2014-04-02,Wednesday,12,40.772,-73.9597,B02512,April,6,81,0.76,Rain
2014-04-02,Wednesday,13,40.7025,-73.9888,B02512,April,6,81,0.76,Rain
2014-04-02,Wednesday,13,40.751,-73.9815,B02512,April,6,81,0.76,Rain
2014-04-02,Wednesday,13,40.7043,-74.0097,B02512,April,6,81,0.76,Rain
2014-04-02,Wednesday,13,40.7528,-73.985,B02512,April,6,81,0.76,Rain
2014-04-02,Wednesday,13,40.7565,-73.9676,B02512,April,6,81,0.76,Rain
2014-04-02,Wednesday,13,40.7508,-74.0036,B02512,April,6,81,0.76,Rain
2014-04-02,Wednesday,13,40.7728,-73.8856,B02512,April,6,81,0.76,Rain
2014-04-02,Wednesday,13,40.7458,-73.994,B02512,April,6,81,0.76,Rain
2014-04-02,Wednesday,13,40.7599,-73.9813,B02512,April,6,81,0.76,Rain
2014-04-02,Wednesday,13,40.6605,-73.9803,B02512,April,6,81,0.76,Rain
2014-04-02,Wednesday,13,40.7266,-73.9939,B02512,April,6,81,0.76,Rain
2014-04-02,Wednesday,13,40.7564,-73.9868,B02512,April,6,81,0.76,Rain
2014-04-02,Wednesday,13,40.7747,-73.9633,B02512,April,6,81,0.76,Rain
2014-04-02,Wednesday,13,40.7507,-73.9876,B02512,April,6,81,0.76,Rain
2014-04-02,Wednesday,13,40.7741,-73.8726,B02512,April,6,81,0.76,Rain
2014-04-02,Wednesday,13,40.7115,-74.04,B02512,April,6,81,0.76,Rain
2014-04-02,Wednesday,13,40.7535,-73.9775,B02512,April,6,81,0.76,Rain
2014-04-02,Wednesday,13,40.7617,-73.9749,B02512,April,6,81,0.76,Rain
2014-04-02,Wednesday,13,40.7409,-73.9921,B02512,April,6,81,0.76,Rain
2014-04-02,Wednesday,13,40.7471,-73.9933,B02512,April,6,81,0.76,Rain
2014-04-02,Wednesday,13,40.7663,-73.9682,B02512,April,6,81,0.76,Rain
2014-04-02,Wednesday,13,40.7622,-73.9709,B02512,April,6,81,0.76,Rain
2014-04-02,Wednesday,13,40.6748,-74.0106,B02512,April,6,81,0.76,Rain
2014-04-02,Wednesday,13,40.7209,-73.9949,B02512,April,6,81,0.76,Rain
2014-04-02,Wednesday,13,40.8406,-73.9431,B02512,April,6,81,0.76,Rain
2014-04-02,Wednesday,13,40.7256,-73.9965,B02512,April,6,81,0.76,Rain
2014-04-02,Wednesday,13,40.7723,-73.9653,B02512,April,6,81,0.76,Rain
2014-04-02,Wednesday,13,40.7634,-73.9819,B02512,April,6,81,0.76,Rain
2014-04-02,Wednesday,13,40.7368,-73.9737,B02512,April,6,81,0.76,Rain
2014-04-02,Wednesday,13,40.8189,-73.9933,B02512,April,6,81,0.76,Rain
2014-04-02,Wednesday,13,40.7321,-74.0006,B02512,April,6,81,0.76,Rain
2014-04-02,Wednesday,13,40.7157,-74.0058,B02512,April,6,81,0.76,Rain
2014-04-02,Wednesday,13,40.7524,-73.9796,B02512,April,6,81,0.76,Rain
2014-04-02,Wednesday,13,40.7756,-73.9604,B02512,April,6,81,0.76,Rain
2014-04-02,Wednesday,13,40.7585,-73.6966,B02512,April,6,81,0.76,Rain
2014-04-02,Wednesday,13,40.7316,-73.9967,B02512,April,6,81,0.76,Rain
2014-04-02,Wednesday,13,40.7107,-74.0111,B02512,April,6,81,0.76,Rain
2014-04-02,Wednesday,13,40.751,-73.9823,B02512,April,6,81,0.76,Rain
2014-04-02,Wednesday,13,40.7145,-74.0814,B02512,April,6,81,0.76,Rain
2014-04-02,Wednesday,13,40.7145,-74.0814,B02512,April,6,81,0.76,Rain
2014-04-02,Wednesday,13,40.7586,-73.9688,B02512,April,6,81,0.76,Rain
2014-04-02,Wednesday,13,40.7296,-73.9846,B02512,April,6,81,0.76,Rain
2014-04-02,Wednesday,13,40.7569,-73.9733,B02512,April,6,81,0.76,Rain
2014-04-02,Wednesday,13,40.7798,-73.9503,B02512,April,6,81,0.76,Rain
2014-04-02,Wednesday,13,40.7748,-73.991,B02512,April,6,81,0.76,Rain
2014-04-02,Wednesday,13,40.7683,-73.9928,B02512,April,6,81,0.76,Rain
2014-04-02,Wednesday,13,40.7616,-73.9831,B02512,April,6,81,0.76,Rain
2014-04-02,Wednesday,13,40.7516,-73.994,B02512,April,6,81,0.76,Rain
2014-04-02,Wednesday,13,40.6461,-73.7767,B02512,April,6,81,0.76,Rain
2014-04-02,Wednesday,13,40.7566,-73.9746,B02512,April,6,81,0.76,Rain
2014-04-02,Wednesday,13,40.7496,-73.9795,B02512,April,6,81,0.76,Rain
2014-04-02,Wednesday,13,40.7711,-73.9243,B02512,April,6,81,0.76,Rain
2014-04-02,Wednesday,13,40.7306,-74.0067,B02512,April,6,81,0.76,Rain
2014-04-02,Wednesday,13,40.7049,-74.0096,B02512,April,6,81,0.76,Rain
2014-04-02,Wednesday,14,40.716,-74.0123,B02512,April,6,81,0.76,Rain
2014-04-02,Wednesday,14,40.7216,-74.0083,B02512,April,6,81,0.76,Rain
2014-04-02,Wednesday,14,40.721,-74.0084,B02512,April,6,81,0.76,Rain
2014-04-02,Wednesday,14,40.7251,-74.0013,B02512,April,6,81,0.76,Rain
2014-04-02,Wednesday,14,40.6521,-73.9526,B02512,April,6,81,0.76,Rain
2014-04-02,Wednesday,14,40.7707,-73.9806,B02512,April,6,81,0.76,Rain
2014-04-02,Wednesday,14,40.7137,-74.0636,B02512,April,6,81,0.76,Rain
2014-04-02,Wednesday,14,40.7137,-74.0636,B02512,April,6,81,0.76,Rain
2014-04-02,Wednesday,14,40.7458,-73.9879,B02512,April,6,81,0.76,Rain
2014-04-02,Wednesday,14,40.7291,-74.0092,B02512,April,6,81,0.76,Rain
2014-04-02,Wednesday,14,40.7232,-74.0097,B02512,April,6,81,0.76,Rain
2014-04-02,Wednesday,14,40.7094,-74.0137,B02512,April,6,81,0.76,Rain
2014-04-02,Wednesday,14,40.6449,-73.7822,B02512,April,6,81,0.76,Rain
2014-04-02,Wednesday,14,40.7591,-73.9709,B02512,April,6,81,0.76,Rain
2014-04-02,Wednesday,14,40.7803,-73.973,B02512,April,6,81,0.76,Rain
2014-04-02,Wednesday,14,40.7242,-73.9878,B02512,April,6,81,0.76,Rain
2014-04-02,Wednesday,14,40.7426,-73.9863,B02512,April,6,81,0.76,Rain
2014-04-02,Wednesday,14,40.7418,-74.0075,B02512,April,6,81,0.76,Rain
2014-04-02,Wednesday,14,40.7546,-73.9714,B02512,April,6,81,0.76,Rain
2014-04-02,Wednesday,14,40.894,-73.8186,B02512,April,6,81,0.76,Rain
2014-04-02,Wednesday,14,40.7627,-73.9821,B02512,April,6,81,0.76,Rain
2014-04-02,Wednesday,14,40.7791,-73.962,B02512,April,6,81,0.76,Rain
2014-04-02,Wednesday,14,40.6447,-73.7821,B02512,April,6,81,0.76,Rain
2014-04-02,Wednesday,14,40.7133,-73.9647,B02512,April,6,81,0.76,Rain
2014-04-02,Wednesday,14,40.7508,-74.0422,B02512,April,6,81,0.76,Rain
2014-04-02,Wednesday,14,40.7565,-73.9724,B02512,April,6,81,0.76,Rain
2014-04-02,Wednesday,14,40.7644,-73.9754,B02512,April,6,81,0.76,Rain
2014-04-02,Wednesday,14,40.7233,-74.008,B02512,April,6,81,0.76,Rain
2014-04-02,Wednesday,14,40.7036,-73.9309,B02512,April,6,81,0.76,Rain
2014-04-02,Wednesday,14,40.716,-74.0499,B02512,April,6,81,0.76,Rain
2014-04-02,Wednesday,14,40.716,-74.0499,B02512,April,6,81,0.76,Rain
2014-04-02,Wednesday,14,40.7652,-73.9655,B02512,April,6,81,0.76,Rain
2014-04-02,Wednesday,14,40.74,-74.0059,B02512,April,6,81,0.76,Rain
2014-04-02,Wednesday,14,40.6465,-73.7899,B02512,April,6,81,0.76,Rain
2014-04-02,Wednesday,14,40.7676,-73.9684,B02512,April,6,81,0.76,Rain
2014-04-02,Wednesday,14,40.7596,-73.9806,B02512,April,6,81,0.76,Rain
2014-04-02,Wednesday,14,40.7711,-73.9661,B02512,April,6,81,0.76,Rain
2014-04-02,Wednesday,14,40.7342,-73.985,B02512,April,6,81,0.76,Rain
2014-04-02,Wednesday,14,40.7145,-74.0119,B02512,April,6,81,0.76,Rain
2014-04-02,Wednesday,14,40.7271,-74.0054,B02512,April,6,81,0.76,Rain
2014-04-02,Wednesday,14,40.7696,-73.9662,B02512,April,6,81,0.76,Rain
2014-04-02,Wednesday,14,40.7586,-73.9863,B02512,April,6,81,0.76,Rain
2014-04-02,Wednesday,14,40.7259,-73.9974,B02512,April,6,81,0.76,Rain
2014-04-02,Wednesday,14,40.7715,-73.9678,B02512,April,6,81,0.76,Rain
2014-04-02,Wednesday,14,40.7443,-73.9888,B02512,April,6,81,0.76,Rain
2014-04-02,Wednesday,14,40.7388,-74.0056,B02512,April,6,81,0.76,Rain
2014-04-02,Wednesday,14,40.7788,-73.9822,B02512,April,6,81,0.76,Rain
2014-04-02,Wednesday,14,40.7412,-74.005,B02512,April,6,81,0.76,Rain
2014-04-02,Wednesday,14,40.7275,-74.0015,B02512,April,6,81,0.76,Rain
2014-04-02,Wednesday,14,40.6449,-73.782,B02512,April,6,81,0.76,Rain
2014-04-02,Wednesday,14,40.7038,-73.9866,B02512,April,6,81,0.76,Rain
2014-04-02,Wednesday,14,40.7063,-74.009,B02512,April,6,81,0.76,Rain
2014-04-02,Wednesday,14,40.7743,-73.9543,B02512,April,6,81,0.76,Rain
2014-04-02,Wednesday,14,40.7726,-73.9613,B02512,April,6,81,0.76,Rain
2014-04-02,Wednesday,14,40.726,-73.9918,B02512,April,6,81,0.76,Rain
2014-04-02,Wednesday,14,40.748,-73.985,B02512,April,6,81,0.76,Rain
2014-04-02,Wednesday,14,40.7341,-73.9951,B02512,April,6,81,0.76,Rain
2014-04-02,Wednesday,14,40.6449,-73.782,B02512,April,6,81,0.76,Rain
2014-04-02,Wednesday,14,40.7687,-73.8671,B02512,April,6,81,0.76,Rain
2014-04-02,Wednesday,14,40.6893,-73.9966,B02512,April,6,81,0.76,Rain
2014-04-02,Wednesday,14,40.7628,-73.9691,B02512,April,6,81,0.76,Rain
2014-04-02,Wednesday,14,40.7331,-73.9998,B02512,April,6,81,0.76,Rain
2014-04-02,Wednesday,14,40.7754,-73.9841,B02512,April,6,81,0.76,Rain
2014-04-02,Wednesday,14,40.7749,-73.9609,B02512,April,6,81,0.76,Rain
2014-04-02,Wednesday,14,40.8947,-73.9418,B02512,April,6,81,0.76,Rain
2014-04-02,Wednesday,14,40.78,-73.9786,B02512,April,6,81,0.76,Rain
2014-04-02,Wednesday,14,40.7393,-74.0421,B02512,April,6,81,0.76,Rain
2014-04-02,Wednesday,14,40.7393,-74.0421,B02512,April,6,81,0.76,Rain
2014-04-02,Wednesday,14,40.7261,-73.9926,B02512,April,6,81,0.76,Rain
2014-04-02,Wednesday,14,40.81,-73.9513,B02512,April,6,81,0.76,Rain
2014-04-02,Wednesday,14,40.7492,-74.003,B02512,April,6,81,0.76,Rain
2014-04-02,Wednesday,14,40.7103,-73.9846,B02512,April,6,81,0.76,Rain
2014-04-02,Wednesday,14,40.748,-74.0002,B02512,April,6,81,0.76,Rain
2014-04-02,Wednesday,14,40.7507,-74.0034,B02512,April,6,81,0.76,Rain
2014-04-02,Wednesday,14,40.7282,-74.0072,B02512,April,6,81,0.76,Rain
2014-04-02,Wednesday,14,40.8024,-73.9365,B02512,April,6,81,0.76,Rain
2014-04-02,Wednesday,14,40.7403,-73.9947,B02512,April,6,81,0.76,Rain
2014-04-02,Wednesday,14,40.762,-73.9684,B02512,April,6,81,0.76,Rain
2014-04-02,Wednesday,14,40.7494,-74.0031,B02512,April,6,81,0.76,Rain
2014-04-02,Wednesday,14,40.747,-74.0063,B02512,April,6,81,0.76,Rain
2014-04-02,Wednesday,14,40.73,-73.9917,B02512,April,6,81,0.76,Rain
2014-04-02,Wednesday,14,40.7594,-73.9753,B02512,April,6,81,0.76,Rain
2014-04-02,Wednesday,14,40.7554,-73.9758,B02512,April,6,81,0.76,Rain
2014-04-02,Wednesday,14,40.8736,-74.0063,B02512,April,6,81,0.76,Rain
2014-04-02,Wednesday,14,40.7249,-74.0083,B02512,April,6,81,0.76,Rain
2014-04-02,Wednesday,14,40.7096,-74.015,B02512,April,6,81,0.76,Rain
2014-04-02,Wednesday,15,40.764,-73.9823,B02512,April,6,81,0.76,Rain
2014-04-02,Wednesday,15,40.776,-73.9442,B02512,April,6,81,0.76,Rain
2014-04-02,Wednesday,15,40.7628,-73.9717,B02512,April,6,81,0.76,Rain
2014-04-02,Wednesday,15,40.743,-73.9846,B02512,April,6,81,0.76,Rain
2014-04-02,Wednesday,15,40.7468,-74.0078,B02512,April,6,81,0.76,Rain
2014-04-02,Wednesday,15,40.8378,-73.8346,B02512,April,6,81,0.76,Rain
2014-04-02,Wednesday,15,40.7629,-73.9737,B02512,April,6,81,0.76,Rain
2014-04-02,Wednesday,15,40.7201,-74.0054,B02512,April,6,81,0.76,Rain
2014-04-02,Wednesday,15,40.7642,-73.9921,B02512,April,6,81,0.76,Rain
2014-04-02,Wednesday,15,40.7528,-73.9776,B02512,April,6,81,0.76,Rain
2014-04-02,Wednesday,15,40.7814,-73.9803,B02512,April,6,81,0.76,Rain
2014-04-02,Wednesday,15,40.7579,-73.9728,B02512,April,6,81,0.76,Rain
2014-04-02,Wednesday,15,40.7223,-74.0038,B02512,April,6,81,0.76,Rain
2014-04-02,Wednesday,15,40.7161,-74.0119,B02512,April,6,81,0.76,Rain
2014-04-02,Wednesday,15,40.7554,-73.9748,B02512,April,6,81,0.76,Rain
2014-04-02,Wednesday,15,40.7328,-73.9815,B02512,April,6,81,0.76,Rain
2014-04-02,Wednesday,15,40.7419,-73.9852,B02512,April,6,81,0.76,Rain
2014-04-02,Wednesday,15,40.7571,-73.9836,B02512,April,6,81,0.76,Rain
2014-04-02,Wednesday,15,40.7732,-73.8856,B02512,April,6,81,0.76,Rain
2014-04-02,Wednesday,15,40.7732,-73.8856,B02512,April,6,81,0.76,Rain
2014-04-02,Wednesday,15,40.7607,-73.9847,B02512,April,6,81,0.76,Rain
2014-04-02,Wednesday,15,40.7604,-73.9759,B02512,April,6,81,0.76,Rain
2014-04-02,Wednesday,15,40.7731,-73.8854,B02512,April,6,81,0.76,Rain
2014-04-02,Wednesday,15,40.7618,-73.9665,B02512,April,6,81,0.76,Rain
2014-04-02,Wednesday,15,40.7521,-73.9855,B02512,April,6,81,0.76,Rain
2014-04-02,Wednesday,15,40.685,-73.9621,B02512,April,6,81,0.76,Rain
2014-04-02,Wednesday,15,40.7634,-73.9749,B02512,April,6,81,0.76,Rain
2014-04-02,Wednesday,15,40.725,-73.9955,B02512,April,6,81,0.76,Rain
2014-04-02,Wednesday,15,40.7512,-73.9939,B02512,April,6,81,0.76,Rain
2014-04-02,Wednesday,15,40.7562,-73.9827,B02512,April,6,81,0.76,Rain
2014-04-02,Wednesday,15,40.7889,-73.981,B02512,April,6,81,0.76,Rain
2014-04-02,Wednesday,15,40.7413,-73.985,B02512,April,6,81,0.76,Rain
2014-04-02,Wednesday,15,40.7626,-73.9791,B02512,April,6,81,0.76,Rain
2014-04-02,Wednesday,15,40.7249,-73.9984,B02512,April,6,81,0.76,Rain
2014-04-02,Wednesday,15,40.715,-74.006,B02512,April,6,81,0.76,Rain
2014-04-02,Wednesday,15,40.7448,-74.005,B02512,April,6,81,0.76,Rain
2014-04-02,Wednesday,15,40.786,-73.9571,B02512,April,6,81,0.76,Rain
2014-04-02,Wednesday,15,40.6624,-73.9365,B02512,April,6,81,0.76,Rain
2014-04-02,Wednesday,15,40.7258,-73.9999,B02512,April,6,81,0.76,Rain
2014-04-02,Wednesday,15,40.7599,-73.9699,B02512,April,6,81,0.76,Rain
2014-04-02,Wednesday,15,40.7468,-73.9981,B02512,April,6,81,0.76,Rain
2014-04-02,Wednesday,15,40.7251,-74.0012,B02512,April,6,81,0.76,Rain
2014-04-02,Wednesday,15,40.7632,-73.9696,B02512,April,6,81,0.76,Rain
2014-04-02,Wednesday,15,40.7659,-73.9545,B02512,April,6,81,0.76,Rain
2014-04-02,Wednesday,15,40.7113,-73.9611,B02512,April,6,81,0.76,Rain
2014-04-02,Wednesday,15,40.7175,-74.0075,B02512,April,6,81,0.76,Rain
2014-04-02,Wednesday,15,40.7717,-73.9674,B02512,April,6,81,0.76,Rain
2014-04-02,Wednesday,15,40.7787,-73.9872,B02512,April,6,81,0.76,Rain
2014-04-02,Wednesday,15,40.7623,-73.9682,B02512,April,6,81,0.76,Rain
2014-04-02,Wednesday,15,40.7143,-74.014,B02512,April,6,81,0.76,Rain
2014-04-02,Wednesday,15,40.7747,-73.9643,B02512,April,6,81,0.76,Rain
2014-04-02,Wednesday,15,40.8039,-73.9582,B02512,April,6,81,0.76,Rain
2014-04-02,Wednesday,15,40.7194,-74.0043,B02512,April,6,81,0.76,Rain
2014-04-02,Wednesday,15,40.7508,-73.9785,B02512,April,6,81,0.76,Rain
2014-04-02,Wednesday,15,40.7296,-73.9932,B02512,April,6,81,0.76,Rain
2014-04-02,Wednesday,15,40.7419,-73.9749,B02512,April,6,81,0.76,Rain
2014-04-02,Wednesday,15,40.7601,-73.9697,B02512,April,6,81,0.76,Rain
2014-04-02,Wednesday,15,40.7569,-73.99,B02512,April,6,81,0.76,Rain
2014-04-02,Wednesday,15,40.7716,-73.9807,B02512,April,6,81,0.76,Rain
2014-04-02,Wednesday,15,40.7716,-73.9807,B02512,April,6,81,0.76,Rain
2014-04-02,Wednesday,15,40.753,-73.9854,B02512,April,6,81,0.76,Rain
2014-04-02,Wednesday,15,40.74,-73.9853,B02512,April,6,81,0.76,Rain
2014-04-02,Wednesday,15,40.7186,-73.9604,B02512,April,6,81,0.76,Rain
2014-04-02,Wednesday,15,40.7539,-73.9894,B02512,April,6,81,0.76,Rain
2014-04-02,Wednesday,15,40.7693,-73.9823,B02512,April,6,81,0.76,Rain
2014-04-02,Wednesday,15,40.7402,-73.9905,B02512,April,6,81,0.76,Rain
2014-04-02,Wednesday,15,40.769,-73.9819,B02512,April,6,81,0.76,Rain
2014-04-02,Wednesday,15,40.7493,-74.003,B02512,April,6,81,0.76,Rain
2014-04-02,Wednesday,15,40.7648,-73.9735,B02512,April,6,81,0.76,Rain
2014-04-02,Wednesday,15,40.7252,-73.9951,B02512,April,6,81,0.76,Rain
2014-04-02,Wednesday,15,40.7496,-73.9815,B02512,April,6,81,0.76,Rain
2014-04-02,Wednesday,15,40.7606,-73.9749,B02512,April,6,81,0.76,Rain
2014-04-02,Wednesday,15,40.756,-73.9705,B02512,April,6,81,0.76,Rain
2014-04-02,Wednesday,15,40.7622,-73.9704,B02512,April,6,81,0.76,Rain
2014-04-02,Wednesday,15,40.7622,-73.9704,B02512,April,6,81,0.76,Rain
2014-04-02,Wednesday,15,40.7599,-73.9784,B02512,April,6,81,0.76,Rain
2014-04-02,Wednesday,15,40.747,-73.9986,B02512,April,6,81,0.76,Rain
2014-04-02,Wednesday,15,40.7583,-73.9684,B02512,April,6,81,0.76,Rain
2014-04-02,Wednesday,15,40.7567,-73.9903,B02512,April,6,81,0.76,Rain
2014-04-02,Wednesday,15,40.7779,-73.9459,B02512,April,6,81,0.76,Rain
2014-04-02,Wednesday,15,40.7655,-73.9696,B02512,April,6,81,0.76,Rain
2014-04-02,Wednesday,15,40.7444,-73.9955,B02512,April,6,81,0.76,Rain
2014-04-02,Wednesday,15,40.7641,-73.9544,B02512,April,6,81,0.76,Rain
2014-04-02,Wednesday,15,40.7537,-73.9962,B02512,April,6,81,0.76,Rain
2014-04-02,Wednesday,15,40.7413,-73.9965,B02512,April,6,81,0.76,Rain
2014-04-02,Wednesday,15,40.7376,-74.0094,B02512,April,6,81,0.76,Rain
2014-04-02,Wednesday,15,40.7594,-73.9727,B02512,April,6,81,0.76,Rain
2014-04-02,Wednesday,15,40.7661,-73.9527,B02512,April,6,81,0.76,Rain
2014-04-02,Wednesday,15,40.7873,-73.974,B02512,April,6,81,0.76,Rain
2014-04-02,Wednesday,15,40.7873,-73.974,B02512,April,6,81,0.76,Rain
2014-04-02,Wednesday,15,40.7636,-73.9735,B02512,April,6,81,0.76,Rain
2014-04-02,Wednesday,15,40.7622,-73.9745,B02512,April,6,81,0.76,Rain
2014-04-02,Wednesday,15,40.7538,-73.9743,B02512,April,6,81,0.76,Rain
2014-04-02,Wednesday,15,40.7287,-73.9878,B02512,April,6,81,0.76,Rain
2014-04-02,Wednesday,15,40.7668,-73.969,B02512,April,6,81,0.76,Rain
2014-04-02,Wednesday,15,40.7742,-73.9831,B02512,April,6,81,0.76,Rain
2014-04-02,Wednesday,15,40.751,-73.9944,B02512,April,6,81,0.76,Rain
2014-04-02,Wednesday,15,40.7538,-73.9774,B02512,April,6,81,0.76,Rain
2014-04-02,Wednesday,15,40.7187,-74.0028,B02512,April,6,81,0.76,Rain
2014-04-02,Wednesday,15,40.7269,-73.9998,B02512,April,6,81,0.76,Rain
2014-04-02,Wednesday,15,40.7666,-73.9856,B02512,April,6,81,0.76,Rain
2014-04-02,Wednesday,15,40.7647,-73.9825,B02512,April,6,81,0.76,Rain
2014-04-02,Wednesday,16,40.7624,-73.9824,B02512,April,6,81,0.76,Rain
2014-04-02,Wednesday,16,40.7587,-73.9729,B02512,April,6,81,0.76,Rain
2014-04-02,Wednesday,16,40.7587,-73.9729,B02512,April,6,81,0.76,Rain
2014-04-02,Wednesday,16,40.7764,-73.9485,B02512,April,6,81,0.76,Rain
2014-04-02,Wednesday,16,40.7545,-73.9839,B02512,April,6,81,0.76,Rain
2014-04-02,Wednesday,16,40.7632,-73.9799,B02512,April,6,81,0.76,Rain
2014-04-02,Wednesday,16,40.7287,-74.0046,B02512,April,6,81,0.76,Rain
2014-04-02,Wednesday,16,40.774,-73.8734,B02512,April,6,81,0.76,Rain
2014-04-02,Wednesday,16,40.7691,-73.9878,B02512,April,6,81,0.76,Rain
2014-04-02,Wednesday,16,40.7527,-73.9932,B02512,April,6,81,0.76,Rain
2014-04-02,Wednesday,16,40.7397,-74.0061,B02512,April,6,81,0.76,Rain
2014-04-02,Wednesday,16,40.7064,-74.0078,B02512,April,6,81,0.76,Rain
2014-04-02,Wednesday,16,40.7524,-73.9795,B02512,April,6,81,0.76,Rain
2014-04-02,Wednesday,16,40.7195,-74.0364,B02512,April,6,81,0.76,Rain
2014-04-02,Wednesday,16,40.7195,-74.0364,B02512,April,6,81,0.76,Rain
2014-04-02,Wednesday,16,40.7519,-73.9907,B02512,April,6,81,0.76,Rain
2014-04-02,Wednesday,16,40.7575,-73.9899,B02512,April,6,81,0.76,Rain
2014-04-02,Wednesday,16,40.783,-73.9751,B02512,April,6,81,0.76,Rain
2014-04-02,Wednesday,16,40.7586,-73.9819,B02512,April,6,81,0.76,Rain
2014-04-02,Wednesday,16,40.7636,-73.9697,B02512,April,6,81,0.76,Rain
2014-04-02,Wednesday,16,40.7712,-73.9639,B02512,April,6,81,0.76,Rain
2014-04-02,Wednesday,16,40.775,-73.9628,B02512,April,6,81,0.76,Rain
2014-04-02,Wednesday,16,40.775,-73.9628,B02512,April,6,81,0.76,Rain
2014-04-02,Wednesday,16,40.7384,-73.9856,B02512,April,6,81,0.76,Rain
2014-04-02,Wednesday,16,40.7606,-73.9736,B02512,April,6,81,0.76,Rain
2014-04-02,Wednesday,16,40.7407,-74.0056,B02512,April,6,81,0.76,Rain
2014-04-02,Wednesday,16,40.7658,-73.9629,B02512,April,6,81,0.76,Rain
2014-04-02,Wednesday,16,40.753,-73.9892,B02512,April,6,81,0.76,Rain
2014-04-02,Wednesday,16,40.7506,-73.9809,B02512,April,6,81,0.76,Rain
2014-04-02,Wednesday,16,40.7507,-73.9763,B02512,April,6,81,0.76,Rain
2014-04-02,Wednesday,16,40.7467,-73.9727,B02512,April,6,81,0.76,Rain
2014-04-02,Wednesday,16,40.8051,-73.9661,B02512,April,6,81,0.76,Rain
2014-04-02,Wednesday,16,40.7594,-73.9843,B02512,April,6,81,0.76,Rain
2014-04-02,Wednesday,16,40.6949,-74.1779,B02512,April,6,81,0.76,Rain
2014-04-02,Wednesday,16,40.7107,-73.9854,B02512,April,6,81,0.76,Rain
2014-04-02,Wednesday,16,40.751,-73.9838,B02512,April,6,81,0.76,Rain
2014-04-02,Wednesday,16,40.7878,-73.955,B02512,April,6,81,0.76,Rain
2014-04-02,Wednesday,16,40.7711,-73.9638,B02512,April,6,81,0.76,Rain
2014-04-02,Wednesday,16,40.7683,-73.9567,B02512,April,6,81,0.76,Rain
2014-04-02,Wednesday,16,40.7251,-74.0077,B02512,April,6,81,0.76,Rain
2014-04-02,Wednesday,16,40.7398,-73.9908,B02512,April,6,81,0.76,Rain
2014-04-02,Wednesday,16,40.7686,-73.962,B02512,April,6,81,0.76,Rain
2014-04-02,Wednesday,16,40.7485,-73.9924,B02512,April,6,81,0.76,Rain
2014-04-02,Wednesday,16,40.8298,-73.9248,B02512,April,6,81,0.76,Rain
2014-04-02,Wednesday,16,40.7547,-73.9919,B02512,April,6,81,0.76,Rain
2014-04-02,Wednesday,16,40.7248,-73.9985,B02512,April,6,81,0.76,Rain
2014-04-02,Wednesday,16,40.7759,-73.9506,B02512,April,6,81,0.76,Rain
2014-04-02,Wednesday,16,40.7621,-73.9697,B02512,April,6,81,0.76,Rain
2014-04-02,Wednesday,16,40.762,-73.9737,B02512,April,6,81,0.76,Rain
2014-04-02,Wednesday,16,40.7265,-73.9992,B02512,April,6,81,0.76,Rain
2014-04-02,Wednesday,16,40.7274,-74.008,B02512,April,6,81,0.76,Rain
2014-04-02,Wednesday,16,40.7739,-73.9456,B02512,April,6,81,0.76,Rain
2014-04-02,Wednesday,16,40.7583,-73.9732,B02512,April,6,81,0.76,Rain
2014-04-02,Wednesday,16,40.7246,-73.9914,B02512,April,6,81,0.76,Rain
2014-04-02,Wednesday,16,40.7537,-73.9743,B02512,April,6,81,0.76,Rain
2014-04-02,Wednesday,16,40.7538,-73.9924,B02512,April,6,81,0.76,Rain
2014-04-02,Wednesday,16,40.7327,-74.0046,B02512,April,6,81,0.76,Rain
2014-04-02,Wednesday,16,40.7265,-74.0074,B02512,April,6,81,0.76,Rain
2014-04-02,Wednesday,16,40.7265,-74.0074,B02512,April,6,81,0.76,Rain
2014-04-02,Wednesday,16,40.7381,-73.99,B02512,April,6,81,0.76,Rain
2014-04-02,Wednesday,16,40.7814,-73.9802,B02512,April,6,81,0.76,Rain
2014-04-02,Wednesday,16,40.7814,-73.9802,B02512,April,6,81,0.76,Rain
2014-04-02,Wednesday,16,40.7635,-73.9712,B02512,April,6,81,0.76,Rain
2014-04-02,Wednesday,16,40.7633,-73.9768,B02512,April,6,81,0.76,Rain
2014-04-02,Wednesday,16,40.7492,-73.984,B02512,April,6,81,0.76,Rain
2014-04-02,Wednesday,16,40.7529,-73.9701,B02512,April,6,81,0.76,Rain
2014-04-02,Wednesday,16,40.7347,-73.9946,B02512,April,6,81,0.76,Rain
2014-04-02,Wednesday,16,40.7594,-73.9897,B02512,April,6,81,0.76,Rain
2014-04-02,Wednesday,16,40.803,-73.9677,B02512,April,6,81,0.76,Rain
2014-04-02,Wednesday,16,40.7534,-73.973,B02512,April,6,81,0.76,Rain
2014-04-02,Wednesday,16,40.7725,-73.9551,B02512,April,6,81,0.76,Rain
2014-04-02,Wednesday,16,40.751,-73.9721,B02512,April,6,81,0.76,Rain
2014-04-02,Wednesday,16,40.7247,-73.9956,B02512,April,6,81,0.76,Rain
2014-04-02,Wednesday,16,40.7492,-73.9911,B02512,April,6,81,0.76,Rain
2014-04-02,Wednesday,16,40.7412,-73.9892,B02512,April,6,81,0.76,Rain
2014-04-02,Wednesday,16,40.7496,-73.9792,B02512,April,6,81,0.76,Rain
2014-04-02,Wednesday,16,40.7182,-74.0148,B02512,April,6,81,0.76,Rain
2014-04-02,Wednesday,16,40.7592,-73.9624,B02512,April,6,81,0.76,Rain
2014-04-02,Wednesday,16,40.7562,-73.9716,B02512,April,6,81,0.76,Rain
2014-04-02,Wednesday,16,40.7681,-73.9666,B02512,April,6,81,0.76,Rain
2014-04-02,Wednesday,16,40.7512,-73.9905,B02512,April,6,81,0.76,Rain
2014-04-02,Wednesday,16,40.7535,-73.9787,B02512,April,6,81,0.76,Rain
2014-04-02,Wednesday,16,40.7537,-73.9991,B02512,April,6,81,0.76,Rain
2014-04-02,Wednesday,16,40.7419,-73.9854,B02512,April,6,81,0.76,Rain
2014-04-02,Wednesday,16,40.7536,-73.9831,B02512,April,6,81,0.76,Rain
2014-04-02,Wednesday,16,40.7794,-73.981,B02512,April,6,81,0.76,Rain
2014-04-02,Wednesday,16,40.7602,-73.9772,B02512,April,6,81,0.76,Rain
2014-04-02,Wednesday,16,40.7394,-73.9938,B02512,April,6,81,0.76,Rain
2014-04-02,Wednesday,16,40.763,-73.9878,B02512,April,6,81,0.76,Rain
2014-04-02,Wednesday,16,40.7308,-74.0007,B02512,April,6,81,0.76,Rain
2014-04-02,Wednesday,16,40.7353,-73.9919,B02512,April,6,81,0.76,Rain
2014-04-02,Wednesday,16,40.7615,-73.9732,B02512,April,6,81,0.76,Rain
2014-04-02,Wednesday,16,40.7616,-73.973,B02512,April,6,81,0.76,Rain
2014-04-02,Wednesday,16,40.7559,-73.9861,B02512,April,6,81,0.76,Rain
2014-04-02,Wednesday,16,40.7751,-73.9607,B02512,April,6,81,0.76,Rain
2014-04-02,Wednesday,16,40.7374,-73.9883,B02512,April,6,81,0.76,Rain
2014-04-02,Wednesday,16,40.7541,-73.9778,B02512,April,6,81,0.76,Rain
2014-04-02,Wednesday,16,40.7632,-73.979,B02512,April,6,81,0.76,Rain
2014-04-02,Wednesday,16,40.7256,-74.0056,B02512,April,6,81,0.76,Rain
2014-04-02,Wednesday,16,40.7638,-73.9758,B02512,April,6,81,0.76,Rain
2014-04-02,Wednesday,16,40.7219,-74.0027,B02512,April,6,81,0.76,Rain
2014-04-02,Wednesday,16,40.7553,-73.9838,B02512,April,6,81,0.76,Rain
2014-04-02,Wednesday,16,40.7651,-73.9824,B02512,April,6,81,0.76,Rain
2014-04-02,Wednesday,16,40.7479,-74.0068,B02512,April,6,81,0.76,Rain
2014-04-02,Wednesday,16,40.7517,-73.9765,B02512,April,6,81,0.76,Rain
2014-04-02,Wednesday,16,40.769,-73.9824,B02512,April,6,81,0.76,Rain
2014-04-02,Wednesday,16,40.7642,-73.9542,B02512,April,6,81,0.76,Rain
2014-04-02,Wednesday,16,40.7415,-73.9873,B02512,April,6,81,0.76,Rain
2014-04-02,Wednesday,16,40.763,-73.9564,B02512,April,6,81,0.76,Rain
2014-04-02,Wednesday,16,40.7592,-73.9883,B02512,April,6,81,0.76,Rain
2014-04-02,Wednesday,17,40.7625,-73.981,B02512,April,6,81,0.76,Rain
2014-04-02,Wednesday,17,40.7574,-73.9862,B02512,April,6,81,0.76,Rain
2014-04-02,Wednesday,17,40.7605,-73.9821,B02512,April,6,81,0.76,Rain
2014-04-02,Wednesday,17,40.7518,-73.9758,B02512,April,6,81,0.76,Rain
2014-04-02,Wednesday,17,40.7174,-74.0027,B02512,April,6,81,0.76,Rain
2014-04-02,Wednesday,17,40.7717,-73.9827,B02512,April,6,81,0.76,Rain
2014-04-02,Wednesday,17,40.7774,-74.0136,B02512,April,6,81,0.76,Rain
2014-04-02,Wednesday,17,40.7776,-73.9552,B02512,April,6,81,0.76,Rain
2014-04-02,Wednesday,17,40.758,-73.9701,B02512,April,6,81,0.76,Rain
2014-04-02,Wednesday,17,40.6834,-73.7565,B02512,April,6,81,0.76,Rain
2014-04-02,Wednesday,17,40.7596,-73.9758,B02512,April,6,81,0.76,Rain
2014-04-02,Wednesday,17,40.7514,-73.9777,B02512,April,6,81,0.76,Rain
2014-04-02,Wednesday,17,40.7498,-74.0034,B02512,April,6,81,0.76,Rain
2014-04-02,Wednesday,17,40.7549,-73.9922,B02512,April,6,81,0.76,Rain
2014-04-02,Wednesday,17,40.748,-74.0071,B02512,April,6,81,0.76,Rain
2014-04-02,Wednesday,17,40.7341,-73.9931,B02512,April,6,81,0.76,Rain
2014-04-02,Wednesday,17,40.7646,-73.9736,B02512,April,6,81,0.76,Rain
2014-04-02,Wednesday,17,40.7433,-73.9935,B02512,April,6,81,0.76,Rain
2014-04-02,Wednesday,17,40.7745,-73.9822,B02512,April,6,81,0.76,Rain
2014-04-02,Wednesday,17,40.7367,-73.997,B02512,April,6,81,0.76,Rain
2014-04-02,Wednesday,17,40.7143,-74.0153,B02512,April,6,81,0.76,Rain
2014-04-02,Wednesday,17,40.7538,-73.9857,B02512,April,6,81,0.76,Rain
2014-04-02,Wednesday,17,40.7538,-73.9857,B02512,April,6,81,0.76,Rain
2014-04-02,Wednesday,17,40.7277,-74.0072,B02512,April,6,81,0.76,Rain
2014-04-02,Wednesday,17,40.7229,-73.9982,B02512,April,6,81,0.76,Rain
2014-04-02,Wednesday,17,40.7629,-73.9775,B02512,April,6,81,0.76,Rain
2014-04-02,Wednesday,17,40.7557,-73.9832,B02512,April,6,81,0.76,Rain
2014-04-02,Wednesday,17,40.7609,-73.9828,B02512,April,6,81,0.76,Rain
2014-04-02,Wednesday,17,40.7513,-74.0063,B02512,April,6,81,0.76,Rain
2014-04-02,Wednesday,17,40.7613,-73.962,B02512,April,6,81,0.76,Rain
2014-04-02,Wednesday,17,40.7353,-74.0008,B02512,April,6,81,0.76,Rain
2014-04-02,Wednesday,17,40.755,-73.9759,B02512,April,6,81,0.76,Rain
2014-04-02,Wednesday,17,40.7656,-73.9811,B02512,April,6,81,0.76,Rain
2014-04-02,Wednesday,17,40.7299,-74.0083,B02512,April,6,81,0.76,Rain
2014-04-02,Wednesday,17,40.7237,-73.9938,B02512,April,6,81,0.76,Rain
2014-04-02,Wednesday,17,40.7356,-73.9915,B02512,April,6,81,0.76,Rain
2014-04-02,Wednesday,17,40.7613,-73.9841,B02512,April,6,81,0.76,Rain
2014-04-02,Wednesday,17,40.7594,-73.9701,B02512,April,6,81,0.76,Rain
2014-04-02,Wednesday,17,40.7881,-73.9674,B02512,April,6,81,0.76,Rain
2014-04-02,Wednesday,17,40.7617,-73.9839,B02512,April,6,81,0.76,Rain
2014-04-02,Wednesday,17,40.7587,-73.9727,B02512,April,6,81,0.76,Rain
2014-04-02,Wednesday,17,40.7388,-73.9919,B02512,April,6,81,0.76,Rain
2014-04-02,Wednesday,17,40.7525,-73.975,B02512,April,6,81,0.76,Rain
2014-04-02,Wednesday,17,40.7666,-73.9692,B02512,April,6,81,0.76,Rain
2014-04-02,Wednesday,17,40.7614,-73.973,B02512,April,6,81,0.76,Rain
2014-04-02,Wednesday,17,40.7554,-73.9754,B02512,April,6,81,0.76,Rain
2014-04-02,Wednesday,17,40.7546,-73.9817,B02512,April,6,81,0.76,Rain
2014-04-02,Wednesday,17,40.7646,-73.9702,B02512,April,6,81,0.76,Rain
2014-04-02,Wednesday,17,40.7189,-74.0344,B02512,April,6,81,0.76,Rain
2014-04-02,Wednesday,17,40.7189,-74.0344,B02512,April,6,81,0.76,Rain
2014-04-02,Wednesday,17,40.7473,-73.9854,B02512,April,6,81,0.76,Rain
2014-04-02,Wednesday,17,40.7444,-73.9836,B02512,April,6,81,0.76,Rain
2014-04-02,Wednesday,17,40.6517,-73.8813,B02512,April,6,81,0.76,Rain
2014-04-02,Wednesday,17,40.7195,-74.0042,B02512,April,6,81,0.76,Rain
2014-04-02,Wednesday,17,40.7619,-73.9711,B02512,April,6,81,0.76,Rain
2014-04-02,Wednesday,17,40.7456,-73.9946,B02512,April,6,81,0.76,Rain
2014-04-02,Wednesday,17,40.707,-74.0133,B02512,April,6,81,0.76,Rain
2014-04-02,Wednesday,17,40.75,-73.9824,B02512,April,6,81,0.76,Rain
2014-04-02,Wednesday,17,40.7419,-74.0076,B02512,April,6,81,0.76,Rain
2014-04-02,Wednesday,17,40.7584,-73.9815,B02512,April,6,81,0.76,Rain
2014-04-02,Wednesday,17,40.7438,-74.0062,B02512,April,6,81,0.76,Rain
2014-04-02,Wednesday,17,40.718,-74.0009,B02512,April,6,81,0.76,Rain
2014-04-02,Wednesday,17,40.744,-73.9835,B02512,April,6,81,0.76,Rain
2014-04-02,Wednesday,17,40.7537,-73.9948,B02512,April,6,81,0.76,Rain
2014-04-02,Wednesday,17,40.7166,-74.0134,B02512,April,6,81,0.76,Rain
2014-04-02,Wednesday,17,40.7498,-73.9898,B02512,April,6,81,0.76,Rain
2014-04-02,Wednesday,17,40.7421,-73.9909,B02512,April,6,81,0.76,Rain
2014-04-02,Wednesday,17,40.7424,-74.0062,B02512,April,6,81,0.76,Rain
2014-04-02,Wednesday,17,40.7554,-73.9744,B02512,April,6,81,0.76,Rain
2014-04-02,Wednesday,17,40.753,-73.9738,B02512,April,6,81,0.76,Rain
2014-04-02,Wednesday,17,40.7371,-74.029,B02512,April,6,81,0.76,Rain
2014-04-02,Wednesday,17,40.7357,-73.994,B02512,April,6,81,0.76,Rain
2014-04-02,Wednesday,17,40.7788,-73.9603,B02512,April,6,81,0.76,Rain
2014-04-02,Wednesday,17,40.7713,-73.9502,B02512,April,6,81,0.76,Rain
2014-04-02,Wednesday,17,40.7195,-74.0084,B02512,April,6,81,0.76,Rain
2014-04-02,Wednesday,17,40.7261,-73.9918,B02512,April,6,81,0.76,Rain
2014-04-02,Wednesday,17,40.7257,-74.0048,B02512,April,6,81,0.76,Rain
2014-04-02,Wednesday,17,40.7537,-73.9991,B02512,April,6,81,0.76,Rain
2014-04-02,Wednesday,17,40.7602,-73.9711,B02512,April,6,81,0.76,Rain
2014-04-02,Wednesday,17,40.7842,-73.9568,B02512,April,6,81,0.76,Rain
2014-04-02,Wednesday,17,40.7518,-73.9808,B02512,April,6,81,0.76,Rain
2014-04-02,Wednesday,17,40.7644,-73.9707,B02512,April,6,81,0.76,Rain
2014-04-02,Wednesday,17,40.7517,-73.976,B02512,April,6,81,0.76,Rain
2014-04-02,Wednesday,17,40.9188,-74.088,B02512,April,6,81,0.76,Rain
2014-04-02,Wednesday,17,40.7841,-73.9545,B02512,April,6,81,0.76,Rain
2014-04-02,Wednesday,17,40.7841,-73.9545,B02512,April,6,81,0.76,Rain
2014-04-02,Wednesday,17,40.7586,-73.9749,B02512,April,6,81,0.76,Rain
2014-04-02,Wednesday,17,40.7564,-73.9926,B02512,April,6,81,0.76,Rain
2014-04-02,Wednesday,17,40.7648,-73.9744,B02512,April,6,81,0.76,Rain
2014-04-02,Wednesday,17,40.727,-74.0319,B02512,April,6,81,0.76,Rain
2014-04-02,Wednesday,17,40.727,-74.0319,B02512,April,6,81,0.76,Rain
2014-04-02,Wednesday,17,40.758,-73.993,B02512,April,6,81,0.76,Rain
2014-04-02,Wednesday,17,40.7226,-73.9923,B02512,April,6,81,0.76,Rain
2014-04-02,Wednesday,17,40.7276,-74.0345,B02512,April,6,81,0.76,Rain
2014-04-02,Wednesday,17,40.7563,-73.9788,B02512,April,6,81,0.76,Rain
2014-04-02,Wednesday,17,40.7623,-73.9715,B02512,April,6,81,0.76,Rain
2014-04-02,Wednesday,17,40.756,-73.9725,B02512,April,6,81,0.76,Rain
2014-04-02,Wednesday,17,40.7745,-73.9638,B02512,April,6,81,0.76,Rain
2014-04-02,Wednesday,17,40.7356,-73.9915,B02512,April,6,81,0.76,Rain
2014-04-02,Wednesday,17,40.7313,-73.9911,B02512,April,6,81,0.76,Rain
2014-04-02,Wednesday,17,40.7542,-73.9922,B02512,April,6,81,0.76,Rain
2014-04-02,Wednesday,17,40.7562,-73.9716,B02512,April,6,81,0.76,Rain
2014-04-02,Wednesday,17,40.7676,-73.9806,B02512,April,6,81,0.76,Rain
2014-04-02,Wednesday,17,40.7507,-73.9739,B02512,April,6,81,0.76,Rain
2014-04-02,Wednesday,17,40.745,-73.9919,B02512,April,6,81,0.76,Rain
2014-04-02,Wednesday,17,40.7564,-73.9785,B02512,April,6,81,0.76,Rain
2014-04-02,Wednesday,17,40.7504,-73.9732,B02512,April,6,81,0.76,Rain
2014-04-02,Wednesday,17,40.7247,-73.9988,B02512,April,6,81,0.76,Rain
2014-04-02,Wednesday,17,40.7538,-73.9818,B02512,April,6,81,0.76,Rain
2014-04-02,Wednesday,17,40.7153,-74.0077,B02512,April,6,81,0.76,Rain
2014-04-02,Wednesday,17,40.7638,-73.972,B02512,April,6,81,0.76,Rain
2014-04-02,Wednesday,17,40.7216,-74.011,B02512,April,6,81,0.76,Rain
2014-04-02,Wednesday,17,40.764,-73.9784,B02512,April,6,81,0.76,Rain
2014-04-02,Wednesday,17,40.7563,-73.9854,B02512,April,6,81,0.76,Rain
2014-04-02,Wednesday,17,40.753,-73.9792,B02512,April,6,81,0.76,Rain
2014-04-02,Wednesday,17,40.7516,-73.9937,B02512,April,6,81,0.76,Rain
2014-04-02,Wednesday,17,40.7251,-73.9981,B02512,April,6,81,0.76,Rain
2014-04-02,Wednesday,17,40.7432,-73.9876,B02512,April,6,81,0.76,Rain
2014-04-02,Wednesday,17,40.7402,-74.0018,B02512,April,6,81,0.76,Rain
2014-04-02,Wednesday,17,40.7414,-73.9847,B02512,April,6,81,0.76,Rain
2014-04-02,Wednesday,17,40.7008,-73.926,B02512,April,6,81,0.76,Rain
2014-04-02,Wednesday,17,40.7638,-73.9734,B02512,April,6,81,0.76,Rain
2014-04-02,Wednesday,17,40.7496,-73.9918,B02512,April,6,81,0.76,Rain
2014-04-02,Wednesday,17,40.7173,-73.965,B02512,April,6,81,0.76,Rain
2014-04-02,Wednesday,17,40.7173,-73.965,B02512,April,6,81,0.76,Rain
2014-04-02,Wednesday,17,40.7614,-73.9682,B02512,April,6,81,0.76,Rain
2014-04-02,Wednesday,17,40.765,-73.9747,B02512,April,6,81,0.76,Rain
2014-04-02,Wednesday,17,40.7533,-74.026,B02512,April,6,81,0.76,Rain
2014-04-02,Wednesday,18,40.7753,-73.9585,B02512,April,6,81,0.76,Rain
2014-04-02,Wednesday,18,40.7657,-73.9873,B02512,April,6,81,0.76,Rain
2014-04-02,Wednesday,18,40.755,-73.9864,B02512,April,6,81,0.76,Rain
2014-04-02,Wednesday,18,40.7404,-74.0081,B02512,April,6,81,0.76,Rain
2014-04-02,Wednesday,18,40.7255,-74.0358,B02512,April,6,81,0.76,Rain
2014-04-02,Wednesday,18,40.7255,-74.0358,B02512,April,6,81,0.76,Rain
2014-04-02,Wednesday,18,40.7605,-73.9602,B02512,April,6,81,0.76,Rain
2014-04-02,Wednesday,18,40.6328,-73.9581,B02512,April,6,81,0.76,Rain
2014-04-02,Wednesday,18,40.7584,-73.973,B02512,April,6,81,0.76,Rain
2014-04-02,Wednesday,18,40.7707,-73.8657,B02512,April,6,81,0.76,Rain
2014-04-02,Wednesday,18,40.6462,-73.7769,B02512,April,6,81,0.76,Rain
2014-04-02,Wednesday,18,40.7532,-73.979,B02512,April,6,81,0.76,Rain
2014-04-02,Wednesday,18,40.7601,-73.975,B02512,April,6,81,0.76,Rain
2014-04-02,Wednesday,18,40.7246,-74.0018,B02512,April,6,81,0.76,Rain
2014-04-02,Wednesday,18,40.7394,-73.9974,B02512,April,6,81,0.76,Rain
2014-04-02,Wednesday,18,40.7694,-73.9596,B02512,April,6,81,0.76,Rain
2014-04-02,Wednesday,18,40.7604,-73.9796,B02512,April,6,81,0.76,Rain
2014-04-02,Wednesday,18,40.7523,-73.9754,B02512,April,6,81,0.76,Rain
2014-04-02,Wednesday,18,40.7248,-73.9985,B02512,April,6,81,0.76,Rain
2014-04-02,Wednesday,18,40.7475,-74.0019,B02512,April,6,81,0.76,Rain
2014-04-02,Wednesday,18,40.7596,-73.9682,B02512,April,6,81,0.76,Rain
2014-04-02,Wednesday,18,40.772,-73.9636,B02512,April,6,81,0.76,Rain
2014-04-02,Wednesday,18,40.7321,-74.0002,B02512,April,6,81,0.76,Rain
2014-04-02,Wednesday,18,40.7849,-73.9507,B02512,April,6,81,0.76,Rain
2014-04-02,Wednesday,18,40.7472,-73.9796,B02512,April,6,81,0.76,Rain
2014-04-02,Wednesday,18,40.7374,-73.9913,B02512,April,6,81,0.76,Rain
2014-04-02,Wednesday,18,40.7499,-73.9835,B02512,April,6,81,0.76,Rain
2014-04-02,Wednesday,18,40.7475,-74.01,B02512,April,6,81,0.76,Rain
2014-04-02,Wednesday,18,40.7247,-73.9968,B02512,April,6,81,0.76,Rain
2014-04-02,Wednesday,18,40.7536,-73.9792,B02512,April,6,81,0.76,Rain
2014-04-02,Wednesday,18,40.7157,-74.0096,B02512,April,6,81,0.76,Rain
2014-04-02,Wednesday,18,40.7202,-74.0038,B02512,April,6,81,0.76,Rain
2014-04-02,Wednesday,18,40.762,-73.9828,B02512,April,6,81,0.76,Rain
2014-04-02,Wednesday,18,40.7551,-73.9692,B02512,April,6,81,0.76,Rain
2014-04-02,Wednesday,18,40.7582,-73.9601,B02512,April,6,81,0.76,Rain
2014-04-02,Wednesday,18,40.7218,-74.0043,B02512,April,6,81,0.76,Rain
